Year,Month,Month_Name,Orders,Revenue,Profit,Quantity
2025,1,January,694,3452633.15,655558.84,2060
2025,2,February,604,3046771.95,581570.7,1790
2025,3,March,686,3463186.0,673625.26,2053
2025,4,April,672,3285656.5,624021.23,2015
2025,5,May,722,3481667.6,645268.84,2205
2025,6,June,675,3278811.35,619529.77,2035
2025,7,July,702,3293386.25,627481.39,2017
2025,8,August,657,3324587.05,637032.64,1931
2025,9,September,623,2999529.85,573712.05,1854
2025,10,October,702,3359710.2,630826.87,2057
2025,11,November,613,3172641.65,583140.12,1887
2025,12,December,644,3044946.25,594002.09,1885
