Product,Category,Orders,Quantity,Revenue,Profit
Smart Watch,Electronics,527,1563,5016691.25,975921.25
Air Fryer,Home & Kitchen,331,1019,4667566.3,897371.44
Jacket,Clothing,398,1186,3246417.5,605650.74
Mechanical Keyboard,Electronics,490,1419,3241452.9,597557.81
Cookware Set,Home & Kitchen,310,901,2890174.0,549990.47
Sneakers,Clothing,414,1234,2826743.85,548740.09
Bluetooth Headphones,Electronics,476,1445,2384754.4,435521.47
Coffee Maker,Home & Kitchen,324,957,2195621.4,429868.73
Hoodie,Clothing,404,1172,1944269.25,367274.2
USB-C Hub,Electronics,494,1471,1734554.7,322986.39
Jeans,Clothing,400,1240,1687649.15,313481.15
Table Lamp,Home & Kitchen,319,955,1142145.75,217588.37
Wireless Mouse,Electronics,482,1463,935471.7,178323.36
Perfume,Beauty,208,626,859451.65,163646.32
Water Bottle,Home & Kitchen,323,953,697566.95,138184.12
T-Shirt,Clothing,393,1168,639222.85,124146.91
Sunscreen,Beauty,227,644,412305.15,75203.68
Data Science Handbook,Books,141,425,385364.25,69244.28
Hair Serum,Beauty,258,765,383751.0,73152.13
Moisturizer,Beauty,223,687,377370.0,69578.78
Machine Learning Guide,Books,155,459,375826.95,68911.35
Business Analytics,Books,180,509,348809.3,69354.71
Python Programming,Books,151,455,338016.95,65581.44
Atomic Habits,Books,154,448,244242.25,45226.49
Face Wash,Beauty,212,625,228088.35,43264.12
