Actual_Revenue,Predicted_Revenue
17495.0,17495.0
4998.0,4998.0
1328.1,1328.0999999999995
539.1,529.6645161290318
6747.3,6747.299999999993
1328.1,1328.0999999999995
1797.0,1748.1342105263152
1439.2,1501.4730769230773
1992.15,2044.5749999999987
3395.75,3707.4810606060605
4245.75,4337.261627906977
3597.6,3735.41129032258
594.15,615.0170588235289
2796.0,2584.335820895525
3998.4,4164.999999999996
12495.0,12495.0
5520.75,5384.564516129032
6298.2,6298.200000000003
849.15,870.557142857143
5396.4,5396.399999999998
2022.3,1917.3000000000015
6836.2,6836.200000000004
6298.2,6298.200000000003
2598.0,2517.1188679245306
4498.2,4498.200000000005
2697.0,2737.658823529412
2097.0,2044.5749999999987
2598.0,2517.1188679245306
5948.3,5803.513793103447
854.05,899.0
9972.15,9972.150000000005
1797.0,1748.1342105263152
1258.2,1258.2000000000003
6745.5,6745.5
1647.0,1598.5588235294122
1358.3,1308.8678571428572
4495.5,4337.261627906977
594.15,615.0170588235289
2598.0,2517.1188679245306
1709.05,1709.050000000001
3320.25,3439.1160714285716
8095.5,8095.5
1198.0,1126.9753623188406
629.1,615.0170588235289
2796.0,3073.4115853658536
1398.0,1398.0
7497.0,7497.0
6476.4,6476.4
9998.0,9998.0
4498.2,4498.200000000005
4047.3,4047.300000000002
4936.2,4936.200000000003
4749.05,4749.050000000001
4272.15,4272.149999999998
2338.2,2251.5999999999995
4249.15,4249.150000000001
12495.0,12495.0
1169.1,1129.4694915254229
6495.0,6495.0
13296.2,13296.200000000006
1708.1,1771.03
1619.1,1619.0999999999992
12596.4,12596.400000000009
957.6,977.5500000000002
8995.0,8995.0
2374.05,2374.0500000000015
5127.15,5127.149999999996
3507.3,3507.300000000001
2157.6,2413.9449999999993
4498.2,4498.200000000005
2598.0,2517.1188679245306
1564.65,1598.5588235294122
8995.0,8995.0
1707.15,1748.1342105263152
1799.0,1799.0
4936.2,4936.200000000003
1299.0,1262.7983606557386
1098.0,1126.9753623188406
7120.25,7120.25
7120.25,7120.25
3312.45,3237.024193548387
2970.75,3073.4115853658536
13497.3,13497.299999999996
1916.8,1939.32105263158
8996.4,8996.400000000009
7497.0,7497.0
3507.3,3507.300000000001
9972.15,9972.150000000005
5096.6,4940.182608695654
2468.1,2517.1188679245306
1895.25,1935.15
1598.0,1561.3791666666664
1138.1,1126.9753623188406
3395.75,3707.4810606060605
1518.1,1561.3791666666664
4497.0,4497.0
2878.4,2999.9540540540543
21245.75,21245.75
17495.0,17495.0
1518.1,1561.3791666666664
1198.0,1126.9753623188406
1328.1,1328.0999999999995
9972.15,9972.150000000005
1138.1,1126.9753623188406
6747.3,6747.299999999993
8995.0,8995.0
1709.05,1709.050000000001
664.05,680.8777777777779
958.4,1016.9901098901095
2157.3,2079.55945945946
719.1,694.1312500000001
2196.0,2215.996875000001
12495.0,12495.0
13996.0,13996.0
12747.45,12247.550000000001
1399.95,1455.4781249999994
599.0,583.4259999999997
3507.3,3507.300000000001
1398.0,1398.0
2086.2,2215.996875000001
4748.1,4748.100000000004
3418.1,3418.1000000000017
7495.0,7495.0
6170.25,6170.25
629.1,615.0170588235289
4495.5,4337.261627906977
3998.4,4164.999999999996
2236.8,2584.335820895525
3312.45,3237.024193548387
3598.0,3598.0
629.1,615.0170588235289
6298.2,6298.200000000003
2845.25,2791.172727272727
2799.2,2799.1999999999994
2998.0,2898.066666666668
2208.3,2251.5999999999995
2696.4,2584.335820895525
2716.6,2923.2746666666662
5098.3,4926.9285714285725
11896.6,11519.784615384615
8996.4,8996.400000000009
3324.05,3324.050000000002
599.0,583.4259999999997
1617.3,1585.157142857144
2878.4,2999.9540540540543
2695.5,2791.172727272727
12596.4,12596.400000000009
2124.15,2124.1499999999996
4587.45,4587.449999999999
439.2,491.13653846153886
1169.1,1129.4694915254229
8545.25,8545.25
13996.0,13996.0
9998.0,9998.0
1677.6,1746.2666666666657
3507.3,3507.300000000001
8095.5,8095.5
3238.2,3238.2
7196.0,7196.0
6998.0,6998.0
3995.0,3707.4810606060605
3897.0,3897.0
3036.2,2923.2746666666662
3058.3,2999.9540540540543
1077.3,1077.2999999999997
3036.2,2923.2746666666662
2846.2,2584.335820895525
19996.0,19996.0
4498.2,4498.200000000005
1916.8,1939.32105263158
809.1,775.9789473684211
798.0,786.6
6495.0,6495.0
6998.0,6998.0
8996.4,8996.400000000009
2156.4,2215.996875000001
2397.0,2331.6272727272717
3595.5,3707.4810606060605
6747.3,6747.299999999993
1328.1,1328.0999999999995
12495.0,12495.0
3324.05,3324.050000000002
6495.0,6495.0
664.05,680.8777777777779
4936.2,4936.200000000003
1564.65,1598.5588235294122
2396.0,2215.996875000001
2097.0,2044.5749999999987
6298.2,6298.200000000003
2845.25,2791.172727272727
11896.6,11519.784615384615
1169.1,1129.4694915254229
4998.0,4998.0
7497.0,7497.0
5845.5,5845.5
3238.2,3238.2
7196.0,7196.0
10620.75,10620.75
2338.2,2251.5999999999995
3702.15,3702.1499999999974
1273.3,1308.8678571428572
719.1,694.1312500000001
14247.15,14247.149999999996
10497.0,10497.0
1169.1,1129.4694915254229
3499.0,3499.0
674.1,615.0170588235289
5598.4,5803.513793103447
2549.15,2549.1500000000005
15745.5,15745.5
15745.5,15745.5
1077.3,1077.2999999999997
13495.5,13495.5
7122.15,7122.150000000006
6476.4,6476.4
6745.5,6745.5
12495.0,12495.0
664.05,680.8777777777779
1617.3,1585.157142857144
674.1,615.0170588235289
3196.0,3707.4810606060605
1328.1,1328.0999999999995
2156.4,2215.996875000001
3595.5,3707.4810606060605
1169.1,1129.4694915254229
1527.45,1455.4781249999994
24995.0,24995.0
466.65,491.13653846153886
1199.2,1293.7797619047615
5397.0,5397.0
1258.2,1258.2000000000003
4587.45,4587.449999999999
2276.2,2215.996875000001
2396.0,2215.996875000001
5996.0,5996.0
1199.2,1293.7797619047615
5127.15,5127.149999999996
3598.0,3598.0
6476.4,6476.4
2097.0,2044.5749999999987
5397.0,5397.0
1278.4,1308.8678571428572
5196.0,5384.564516129032
8547.15,8547.149999999998
1564.65,1598.5588235294122
6747.3,6747.299999999993
4416.6,4295.3600000000015
10620.75,10620.75
3238.2,3238.2
8995.0,8995.0
2396.0,2215.996875000001
9996.0,9996.0
3149.1,3149.100000000002
1328.1,1328.0999999999995
11245.5,11245.5
2845.25,2791.172727272727
1527.45,1455.4781249999994
359.1,359.1
2548.3,2626.0259259259246
5127.15,5127.149999999996
5196.0,5196.0
5696.2,5696.199999999999
3998.4,4164.999999999996
13495.5,13495.5
5196.0,5196.0
1234.05,1262.7983606557386
12596.4,12596.400000000009
24995.0,24995.0
5520.75,5384.564516129032
2374.05,2374.0500000000015
594.15,615.0170588235289
9447.3,9447.299999999992
9447.3,9447.299999999992
4676.4,4676.399999999997
849.15,870.557142857143
5196.0,5196.0
11996.0,11996.0
1436.4,1392.066666666667
1328.1,1328.0999999999995
9496.2,9496.2
5096.6,4940.182608695654
2276.2,2215.996875000001
19996.0,19996.0
6370.75,6171.6640625
494.1,529.6645161290318
4498.2,4498.200000000005
2470.5,2791.172727272727
3236.4,3316.5470588235307
539.1,529.6645161290318
1328.1,1328.0999999999995
14870.75,14632.181818181818
4998.0,4998.0
4248.3,4164.999999999996
1299.0,1262.7983606557386
2656.2,2584.335820895525
6747.3,6747.299999999993
6998.0,6998.0
1328.1,1328.0999999999995
8995.0,8995.0
1516.2,1536.1500000000003
8996.4,8996.400000000009
14997.0,14997.0
3598.0,3598.0
5397.0,5397.0
8995.0,8995.0
9996.0,9996.0
2468.1,2517.1188679245306
1797.0,1748.1342105263152
6745.5,6745.5
559.2,615.0170588235289
4998.0,4998.0
2997.0,2737.658823529412
3196.0,2923.2746666666662
5997.6,6170.031000000002
12495.0,12495.0
11896.6,11519.784615384615
1423.1,1469.1923076923076
664.05,680.8777777777779
11396.2,11396.2
2878.4,2999.9540540540543
1992.15,2044.5749999999987
1499.0,1461.525000000001
2374.05,2374.0500000000015
4857.3,4857.299999999999
9996.0,9996.0
4936.2,4936.200000000003
2249.1,2249.100000000003
1917.6,2079.55945945946
13996.0,13996.0
13996.0,14632.181818181818
3395.75,3707.4810606060605
2562.15,2737.658823529412
17495.0,17495.0
1518.1,1561.3791666666664
1424.05,1461.525000000001
2598.0,2517.1188679245306
1709.05,1709.050000000001
2399.2,2399.2
9972.15,9972.150000000005
2124.15,2124.1499999999996
479.2,491.13653846153886
4497.0,4497.0
3822.45,3735.41129032258
2995.0,2791.172727272727
6747.3,6747.299999999993
7196.0,7196.0
7497.0,7497.0
9972.15,9972.150000000005
1104.15,1129.4694915254229
2124.15,2124.1499999999996
1349.1,1293.7797619047615
3495.0,3439.1160714285716
1619.1,1619.0999999999992
1039.2,1129.4694915254229
5696.2,5696.199999999999
1799.0,1799.0
2876.4,2923.2746666666662
1258.2,1258.2000000000003
718.2,690.5769230769231
7996.8,7996.800000000002
1797.0,1748.1342105263152
11245.5,11245.5
3196.0,2923.2746666666662
3238.2,3238.2
17495.0,17495.0
4499.1,4499.099999999999
1328.1,1328.0999999999995
17495.0,17495.0
2974.15,2974.150000000001
539.1,529.6645161290318
1273.3,1308.8678571428572
2970.75,3073.4115853658536
2549.15,2549.1500000000005
6747.3,6747.299999999993
1499.0,1461.525000000001
594.15,615.0170588235289
1797.0,1748.1342105263152
4857.3,4857.299999999999
5845.5,5845.5
3795.25,3707.4810606060605
3507.3,3507.300000000001
3702.15,3702.1499999999974
7197.6,7506.871875000001
15745.5,15745.5
14995.0,14995.0
5196.0,5196.0
17996.4,17996.399999999998
4587.45,4587.449999999999
5096.6,4940.182608695654
5396.4,5396.399999999998
3145.5,3073.4115853658536
4748.1,4748.100000000004
2716.6,2923.2746666666662
12596.4,12596.400000000009
1188.3,1167.5888888888887
6495.0,6495.0
1299.0,1262.7983606557386
1617.3,1585.157142857144
2277.15,2331.6272727272717
1617.3,1585.157142857144
7647.45,7506.871875000001
949.05,982.35
10196.6,9939.542857142858
8498.3,8235.194736842102
9996.0,9996.0
521.55,527.0400000000001
719.1,694.1312500000001
4272.15,4272.149999999998
1917.6,2079.55945945946
2249.1,2249.100000000003
2249.1,2249.100000000003
1138.1,1126.9753623188406
629.1,615.0170588235289
6836.2,6836.200000000004
999.0,982.35
2499.0,2499.0
3149.1,3149.100000000002
1617.3,1585.157142857144
1528.3,1543.283333333333
14870.75,14632.181818181818
3196.8,3316.5470588235307
1499.0,1461.525000000001
629.1,615.0170588235289
2995.0,2791.172727272727
664.05,680.8777777777779
2078.4,2251.5999999999995
1137.15,1137.1499999999999
11245.5,11245.5
719.1,694.1312500000001
599.0,583.4259999999997
1709.05,1709.050000000001
1529.15,1501.4730769230773
6116.6,6116.600000000001
11896.6,11519.784615384615
1518.1,1561.3791666666664
9972.15,9972.150000000005
988.2,1016.9901098901095
3238.2,3238.2
5520.75,5384.564516129032
9496.2,9496.200000000008
5845.5,5845.5
1138.1,1126.9753623188406
4317.6,4317.599999999999
5196.0,5384.564516129032
3507.3,3507.300000000001
2157.3,2079.55945945946
2249.1,2249.100000000003
2208.3,2251.5999999999995
3058.3,2999.9540540540543
3370.5,3073.4115853658536
1992.15,2044.5749999999987
5845.5,5845.5
1078.2,1016.9901098901095
799.0,757.5351063829786
4857.3,4857.299999999999
494.1,529.6645161290318
1436.4,1392.066666666667
2607.75,2791.172727272727
4498.2,4498.200000000005
10497.0,10497.0
2374.05,2374.0500000000015
7497.0,7497.0
2849.05,2849.050000000001
2997.0,2737.658823529412
719.1,694.1312500000001
1077.3,1077.2999999999997
2499.0,2499.0
8996.4,8996.400000000009
3149.1,3149.100000000002
10196.6,9939.542857142858
3196.0,2923.2746666666662
2699.1,2699.099999999999
6116.6,6116.600000000001
1078.2,1016.9901098901095
6998.0,6998.0
2396.0,2408.622549019608
11245.5,11245.5
12596.4,12596.400000000009
1619.1,1619.0999999999992
3557.75,3439.1160714285716
9498.1,9498.100000000002
7122.15,7122.150000000006
9972.15,9972.150000000005
6370.75,6171.6640625
2333.25,2408.622549019608
2078.4,2251.5999999999995
1234.05,1262.7983606557386
4416.6,4295.3600000000015
7120.25,7120.25
2374.05,2374.05
3507.3,3507.300000000001
2598.0,2517.1188679245306
1799.0,1799.0
6170.25,6170.25
4748.1,4748.100000000004
2695.5,2791.172727272727
2022.3,1917.3000000000015
2468.1,2517.1188679245306
6648.1,6648.1
569.05,583.4259999999997
599.0,583.4259999999997
3702.15,3702.1499999999974
9447.3,9447.299999999992
3149.1,3149.100000000002
539.1,529.6645161290318
1018.3,1016.9901098901095
2849.05,2849.050000000001
8397.6,8725.63125
539.1,529.6645161290318
678.3,690.5769230769231
1916.8,1939.32105263158
3117.6,3237.024193548387
2124.15,2124.1499999999996
2998.0,2898.066666666668
14997.0,14997.0
9996.0,9996.0
2848.1,2898.066666666668
2849.05,2849.050000000001
1078.2,1016.9901098901095
4416.6,4295.3600000000015
5997.6,6170.031000000002
5098.3,4926.9285714285725
1619.1,1619.0999999999992
8995.0,8995.0
8095.5,8095.5
11870.25,11870.25
2277.15,2331.6272727272717
3822.45,3735.41129032258
6476.4,6476.4
3595.5,3707.4810606060605
4748.1,4748.100000000004
2876.4,2923.2746666666662
24995.0,24995.0
8545.25,8545.25
2516.4,2584.335820895525
1617.3,1585.157142857144
2249.1,2249.100000000003
4796.8,4940.182608695654
1647.0,1598.5588235294122
7998.4,8235.194736842102
7645.75,7645.75
4249.15,4249.150000000001
1104.15,1129.4694915254229
18996.2,18996.200000000004
13996.0,13996.0
6747.3,6747.299999999993
2396.0,2215.996875000001
1438.2,1412.4857142857143
12495.0,12495.0
1258.2,1258.2000000000003
2276.2,2215.996875000001
5127.15,5127.149999999996
711.55,757.5351063829786
1992.15,2044.5749999999987
3370.5,3073.4115853658536
1438.2,1412.4857142857143
4857.3,4857.299999999999
1482.3,1585.157142857144
10497.0,10497.0
1043.1,1126.9753623188406
3324.05,3324.050000000002
3499.0,3499.0
2097.0,2044.5749999999987
2398.4,2626.0259259259246
5948.3,5803.513793103447
16620.25,16620.25
1799.0,1799.0
2249.1,2249.100000000003
12495.0,12495.0
10796.4,10796.399999999998
1436.4,1392.066666666667
1619.1,1619.0999999999992
13996.0,14632.181818181818
3796.2,3718.5999999999985
2078.4,2251.5999999999995
4248.3,4164.999999999996
4587.45,4587.449999999999
539.1,529.6645161290318
2276.2,2215.996875000001
3418.1,3418.1000000000017
4936.2,4936.200000000003
2848.1,2898.066666666668
2598.0,2517.1188679245306
4857.3,4857.299999999999
4749.05,4749.050000000001
2156.4,2215.996875000001
957.6,977.5500000000002
4317.6,4317.599999999999
3149.1,3149.100000000002
1677.6,1746.2666666666657
5196.0,5384.564516129032
3145.5,3073.4115853658536
9496.2,9496.200000000008
3796.2,3718.5999999999985
1756.8,1939.32105263158
3320.25,3439.1160714285716
1999.2,1999.2
5996.0,5996.0
1618.2,1543.283333333333
2699.1,2699.099999999999
5096.6,4940.182608695654
9498.1,9498.100000000002
1999.2,1999.2
7120.25,7120.25
9447.3,9447.299999999992
2396.0,2215.996875000001
599.0,583.4259999999997
14870.75,14632.181818181818
2134.65,2194.57
2799.2,2799.1999999999994
3598.0,3598.0
2995.0,2791.172727272727
4748.1,4748.100000000004
569.05,583.4259999999997
6170.25,6170.25
988.2,1016.9901098901095
15745.5,15745.5
4998.0,4998.0
8547.15,8547.149999999998
1234.05,1262.7983606557386
1999.2,1999.2
12495.0,12495.0
2848.1,2898.066666666668
1528.3,1543.283333333333
17495.0,17495.0
1138.1,1126.9753623188406
2398.4,2626.0259259259246
2196.0,2215.996875000001
1887.3,1917.3000000000015
15745.5,15745.5
9996.0,9996.0
2878.4,2999.9540540540543
10620.75,10620.75
521.55,527.0400000000001
6747.3,6747.299999999993
4045.5,4337.261627906977
9972.15,9972.150000000005
9996.0,9996.0
6648.1,6648.1
639.2,694.1312500000001
2848.1,2898.066666666668
4587.45,4587.449999999999
16996.6,16996.600000000002
6747.3,6747.299999999993
6747.3,6747.299999999993
3238.2,3238.2
9496.2,9496.200000000008
1424.05,1461.525000000001
2086.2,2215.996875000001
3595.5,3707.4810606060605
8922.45,8725.63125
719.1,694.1312500000001
2374.05,2374.05
8997.0,8997.0
7497.0,7497.0
2698.2,2626.0259259259246
2097.0,2044.5749999999987
11896.6,11519.784615384615
1299.0,1262.7983606557386
3036.2,2923.2746666666662
4045.5,4337.261627906977
2699.1,2699.099999999999
629.1,615.0170588235289
6648.1,6648.1
6170.25,6170.25
5996.0,6171.6640625
2698.2,2626.0259259259246
899.0,899.0
2374.05,2374.05
1516.2,1536.1500000000003
2249.1,2249.100000000003
2333.25,2408.622549019608
629.1,615.0170588235289
2157.3,2079.55945945946
1999.2,1999.2
1887.3,1917.3000000000015
1527.45,1455.4781249999994
2249.1,2249.100000000003
4248.3,4164.999999999996
2499.0,2499.0
719.1,694.1312500000001
1709.05,1709.050000000001
5845.5,5845.5
4047.3,4047.300000000002
2549.15,2549.1500000000005
4045.5,4337.261627906977
2396.0,2215.996875000001
4676.4,4676.399999999997
4248.3,4164.999999999996
3507.3,3507.300000000001
6170.25,6170.25
3324.05,3324.0499999999997
8095.5,8095.5
2338.2,2251.5999999999995
5997.6,6170.031000000002
1234.05,1262.7983606557386
799.0,757.5351063829786
2499.0,2499.0
1529.15,1501.4730769230773
1398.0,1398.0
3145.5,3073.4115853658536
4998.0,4998.0
6298.2,6298.200000000003
5948.3,5803.513793103447
2249.1,2249.100000000003
3795.25,3707.4810606060605
2276.2,2215.996875000001
2249.1,2249.100000000003
7196.0,7196.0
1018.3,1016.9901098901095
8996.4,8996.400000000009
3995.0,3707.4810606060605
5845.5,5845.5
1188.3,1167.5888888888887
16620.25,16620.25
3745.0,3439.1160714285716
15745.5,15745.5
1423.1,1469.1923076923076
10620.75,10620.75
1564.65,1598.5588235294122
9996.0,9996.0
8997.0,8997.0
7495.0,7495.0
1018.3,1016.9901098901095
8095.5,8095.5
4998.0,4998.0
2499.0,2499.0
5397.0,5397.0
1018.3,1016.9901098901095
2698.2,2626.0259259259246
379.05,379.05
10796.4,10796.399999999998
1078.2,1016.9901098901095
359.1,359.1
7497.0,7497.0
8545.25,8545.25
3499.0,3499.0
4998.0,4998.0
6998.0,6998.0
2695.5,2791.172727272727
1234.05,1262.7983606557386
7196.0,7196.0
24995.0,24995.0
1992.15,2044.5749999999987
6170.25,6170.25
6170.25,6170.25
1482.3,1585.157142857144
1799.0,1799.0
2656.2,2584.335820895525
6170.25,6170.25
12596.4,12596.400000000009
1398.0,1398.0
1895.25,1935.15
3036.2,2923.2746666666662
11870.25,11870.25
5996.0,5996.0
2396.0,2408.622549019608
3145.5,3073.4115853658536
8995.0,8995.0
8496.6,8496.600000000004
4045.5,4337.261627906977
10796.4,10796.399999999998
12495.0,12495.0
2598.0,2517.1188679245306
2849.05,2849.050000000001
2499.0,2499.0
3820.75,4337.261627906977
1423.1,1469.1923076923076
13497.3,13497.299999999996
3320.25,3439.1160714285716
359.1,359.1
6370.75,6171.6640625
1098.0,1126.9753623188406
5996.0,5996.0
2124.15,2124.1499999999996
3238.2,3238.2
8995.0,8995.0
11896.6,11519.784615384615
4498.2,4498.200000000005
11870.25,11870.25
2196.0,2215.996875000001
4498.2,4498.200000000005
7196.0,7196.0
13296.2,13296.200000000006
1118.4,1167.5888888888887
2698.2,2626.0259259259246
13495.5,13495.5
1078.2,1016.9901098901095
10497.0,10497.0
2338.2,2251.5999999999995
5948.3,5803.513793103447
6476.4,6476.4
3507.3,3507.300000000001
5996.0,5996.0
719.1,694.1312500000001
3324.05,3324.0499999999997
1529.15,1501.4730769230773
2695.5,2791.172727272727
6998.0,6998.0
1104.15,1129.4694915254229
3117.6,3237.024193548387
7497.0,7497.0
2848.1,2898.066666666668
2998.0,2898.066666666668
629.1,615.0170588235289
1328.1,1328.0999999999995
4998.0,4998.0
12745.75,12454.180555555555
8995.0,8995.0
5696.2,5696.199999999999
14870.75,14632.181818181818
3597.6,3735.41129032258
4248.3,4164.999999999996
1482.3,1585.157142857144
999.0,982.35
2499.0,2499.0
7122.15,7122.150000000006
6372.45,6170.031000000002
3196.0,2923.2746666666662
7996.8,7996.800000000002
7497.0,7497.0
2156.4,2215.996875000001
2598.0,2517.1188679245306
1438.2,1412.4857142857143
2396.0,2215.996875000001
3702.15,3702.1499999999974
7495.0,7495.0
11870.25,11870.25
3145.5,3073.4115853658536
509.15,491.13653846153886
4936.2,4936.200000000003
1795.5,1751.859375
6836.2,6836.200000000004
3149.1,3149.100000000002
2397.0,2331.6272727272717
6747.3,6747.299999999993
2374.05,2374.05
4998.0,4998.0
3995.0,3707.4810606060605
2086.2,2215.996875000001
6372.45,6170.031000000002
2848.1,2898.066666666668
9972.15,9972.150000000005
2249.1,2249.100000000003
3320.25,3439.1160714285716
6298.2,6298.200000000003
3998.4,4164.999999999996
2845.25,2791.172727272727
1619.1,1619.0999999999992
1299.0,1262.7983606557386
549.0,527.0400000000001
9996.0,9996.0
6298.2,6298.200000000003
1299.0,1262.7983606557386
1887.3,1917.3000000000015
3320.25,3439.1160714285716
14870.75,14632.181818181818
1992.15,2044.5749999999987
1992.15,2044.5749999999987
3495.0,3439.1160714285716
3495.0,3439.1160714285716
3702.15,3702.1499999999974
1138.1,1126.9753623188406
3036.2,2923.2746666666662
5696.2,5696.199999999999
1423.1,1469.1923076923076
4748.1,4748.100000000004
758.1,786.6
7996.8,7996.800000000002
2236.8,2584.335820895525
2249.1,2249.100000000003
799.0,757.5351063829786
6648.1,6648.1
1797.0,1748.1342105263152
2097.0,2044.5749999999987
3238.2,3238.2
3595.5,3707.4810606060605
3238.2,3238.2
11870.25,11870.25
10620.75,10620.75
3557.75,3439.1160714285716
2562.15,2737.658823529412
22495.5,22495.5
6495.0,6495.0
798.0,786.6
2276.2,2215.996875000001
7196.0,7196.0
2499.0,2499.0
2156.4,2215.996875000001
3702.15,3702.1499999999974
5996.0,6171.6640625
4748.1,4748.100000000004
1992.15,2044.5749999999987
2338.2,2251.5999999999995
4798.4,4926.9285714285725
5196.0,5384.564516129032
1499.0,1461.525000000001
1999.2,1999.2
4272.15,4272.149999999998
9447.3,9447.299999999992
11996.0,12454.180555555555
11245.5,11245.5
1078.2,1016.9901098901095
1043.1,1126.9753623188406
2338.2,2251.5999999999995
19996.0,19996.0
4047.3,4047.300000000002
9447.3,9447.299999999992
1498.0,1469.1923076923076
3149.1,3149.100000000002
13495.5,13495.5
4999.0,4999.0
2156.4,2215.996875000001
1527.45,1455.4781249999994
4498.2,4498.200000000005
3149.1,3149.100000000002
5698.1,5698.100000000002
2249.1,2249.100000000003
8095.5,8095.5
2468.1,2517.1188679245306
4936.2,4936.200000000003
5598.4,5803.513793103447
1234.05,1262.7983606557386
12596.4,12596.400000000009
539.1,529.6645161290318
3507.3,3507.300000000001
2716.6,2923.2746666666662
6298.2,6298.200000000003
2022.3,1917.3000000000015
4248.3,4164.999999999996
8545.25,8545.25
1887.3,1917.3000000000015
10796.4,10796.399999999998
1518.1,1561.3791666666664
6998.0,6998.0
3507.3,3507.300000000001
1328.1,1328.0999999999995
9447.3,9447.299999999992
549.0,527.0400000000001
2974.15,2974.150000000001
2037.45,2079.55945945946
899.1,870.557142857143
1619.1,1619.0999999999992
9447.3,9447.299999999992
2470.5,2791.172727272727
539.1,529.6645161290318
5196.0,5196.0
8922.45,8725.63125
11245.5,11245.5
2468.1,2517.1188679245306
4272.15,4272.149999999998
9998.0,9998.0
2157.3,2079.55945945946
1138.1,1126.9753623188406
3238.2,3238.2
8095.5,8095.5
509.15,491.13653846153886
4748.1,4748.100000000004
4936.2,4936.200000000003
1619.1,1619.0999999999992
11396.2,11396.2
1618.2,1543.283333333333
2698.2,2626.0259259259246
11245.5,11245.5
5397.0,5397.0
1358.3,1308.8678571428572
11870.25,11870.25
14870.75,14632.181818181818
1039.2,1129.4694915254229
6747.3,6747.299999999993
3507.3,3507.300000000001
3149.1,3149.100000000002
19996.0,19996.0
718.2,690.5769230769231
11396.2,11396.2
3395.75,3707.4810606060605
9996.0,9996.0
5396.4,5396.399999999998
6747.3,6747.299999999993
13296.2,13296.200000000006
1707.15,1748.1342105263152
1799.0,1799.0
11245.5,11245.5
2998.0,2898.066666666668
1439.2,1501.4730769230773
5396.4,5396.399999999998
798.0,786.6
8545.25,8545.25
1619.1,1619.0999999999992
3418.1,3418.1000000000017
5196.0,5196.0
6116.6,6116.600000000001
24995.0,24995.0
2499.0,2499.0
1998.0,1923.0749999999998
1274.15,1293.7797619047615
11870.25,11870.25
2876.4,2923.2746666666662
718.2,690.5769230769231
6745.5,6745.5
3145.5,3073.4115853658536
1797.0,1748.1342105263152
4998.0,4998.0
5696.2,5696.199999999999
5845.5,5845.5
13296.2,13296.200000000006
4498.2,4498.200000000005
3238.2,3238.2
11245.5,11245.5
3595.5,3707.4810606060605
7497.0,7497.0
9996.0,9996.0
539.1,529.6645161290318
1349.1,1293.7797619047615
3145.5,3073.4115853658536
11996.0,11996.0
9996.0,9996.0
569.05,583.4259999999997
4748.1,4748.100000000004
9972.15,9972.150000000005
3149.1,3149.100000000002
2796.0,3073.4115853658536
1482.3,1585.157142857144
3320.25,3439.1160714285716
2545.75,2408.622549019608
11996.0,11996.0
1169.1,1129.4694915254229
12495.0,12495.0
678.3,690.5769230769231
1887.3,1917.3000000000015
9996.0,9996.0
2196.0,2215.996875000001
5127.15,5127.149999999996
758.1,786.6
2796.0,2584.335820895525
3998.4,4164.999999999996
6747.3,6747.299999999993
2876.4,2923.2746666666662
8545.25,8545.25
8496.6,8496.600000000004
2516.4,2584.335820895525
1169.1,1129.4694915254229
4998.0,4998.0
5398.2,5398.199999999998
6998.0,6998.0
12495.0,12495.0
1518.1,1561.3791666666664
1349.1,1293.7797619047615
11870.25,11870.25
2124.15,2124.1499999999996
9996.0,9996.0
23745.25,23745.25
8496.6,8496.600000000004
5096.6,4940.182608695654
3702.15,3702.1499999999974
1039.2,1129.4694915254229
18996.2,18996.200000000004
3320.25,3439.1160714285716
10196.6,9939.542857142858
4676.4,4676.399999999997
5996.0,6171.6640625
23745.25,23745.25
2037.45,2079.55945945946
8496.6,8496.600000000004
6745.5,6745.5
933.3,1016.9901098901095
3036.2,2923.2746666666662
6648.1,6648.1
4498.2,4498.200000000005
1199.2,1293.7797619047615
8996.4,8996.400000000009
3507.3,3507.300000000001
958.4,1016.9901098901095
1596.0,1536.1500000000003
5396.4,5396.399999999998
1138.1,1126.9753623188406
4498.2,4498.200000000005
9447.3,9447.299999999992
4249.15,4249.150000000001
1078.2,1016.9901098901095
11245.5,11245.5
2998.0,2898.066666666668
2338.2,2251.5999999999995
3320.25,3439.1160714285716
599.2,615.0170588235289
1234.05,1262.7983606557386
2848.1,2898.066666666668
1349.1,1293.7797619047615
1529.15,1501.4730769230773
2036.6,1939.32105263158
9996.0,9996.0
4748.1,4748.100000000004
3507.3,3507.300000000001
1274.15,1293.7797619047615
6648.1,6648.1
3897.0,3897.0
6747.3,6747.299999999993
2845.25,2791.172727272727
4498.2,4498.200000000005
1169.1,1129.4694915254229
1258.2,1258.2000000000003
3183.25,3073.4115853658536
4749.05,4749.050000000001
6648.1,6648.1
7497.0,7497.0
1529.15,1501.4730769230773
1188.3,1167.5888888888887
1756.8,1939.32105263158
3320.25,3439.1160714285716
1916.8,1939.32105263158
6745.5,6745.5
3598.0,3598.0
4272.15,4272.149999999998
2845.25,2791.172727272727
2249.1,2249.100000000003
8545.25,8545.25
19996.0,19996.0
1695.75,1751.859375
19996.0,19996.0
12596.4,12596.400000000009
2468.1,2517.1188679245306
1619.1,1619.0999999999992
7495.0,7495.0
2078.4,2251.5999999999995
5396.4,5396.399999999998
1199.2,1293.7797619047615
2995.0,2791.172727272727
1499.0,1461.525000000001
1198.0,1126.9753623188406
599.0,583.4259999999997
12747.45,12247.550000000001
4936.2,4936.200000000003
2156.4,2215.996875000001
14245.25,14245.25
11996.0,11996.0
1169.1,1129.4694915254229
1618.2,1543.283333333333
4676.4,4676.399999999997
9972.15,9972.150000000005
2799.2,2799.1999999999994
1647.0,1598.5588235294122
3149.1,3149.100000000002
639.2,694.1312500000001
899.1,870.557142857143
2156.4,2215.996875000001
3507.3,3507.300000000001
2396.0,2215.996875000001
8097.3,8097.299999999999
3183.25,3073.4115853658536
2249.1,2249.100000000003
664.05,680.8777777777779
1707.15,1748.1342105263152
699.0,680.8777777777779
8922.45,8725.63125
799.0,757.5351063829786
2036.6,1939.32105263158
2249.1,2249.100000000003
3507.3,3507.300000000001
1198.4,1308.8678571428572
2848.1,2898.066666666668
14997.0,14997.0
2849.05,2849.050000000001
679.15,694.1312500000001
2249.1,2249.100000000003
5845.5,5845.5
1017.45,977.5500000000002
1527.45,1455.4781249999994
1619.1,1619.0999999999992
9996.0,9996.0
1619.1,1619.0999999999992
4676.4,4676.399999999997
2995.0,2791.172727272727
2374.05,2374.0500000000015
4156.8,4295.3600000000015
664.05,680.8777777777779
3320.25,3439.1160714285716
11245.5,11245.5
2156.4,2215.996875000001
10497.0,10497.0
5397.0,5397.0
4272.15,4272.149999999998
1234.05,1262.7983606557386
949.05,982.35
1398.0,1398.0
1258.2,1258.2000000000003
4047.3,4047.300000000002
10196.6,9939.542857142858
1619.1,1619.0999999999992
13296.2,13296.200000000006
1137.15,1137.1499999999999
3897.0,3897.0
699.0,680.8777777777779
8496.6,8496.600000000004
14247.15,14247.149999999996
3507.3,3507.300000000001
1529.15,1501.4730769230773
2974.15,2974.150000000001
6476.4,6476.4
3418.1,3418.1000000000017
8545.25,8545.25
15745.5,15745.5
5520.75,5384.564516129032
809.1,775.9789473684211
3058.3,2999.9540540540543
1709.05,1709.050000000001
629.1,615.0170588235289
1438.2,1412.4857142857143
539.1,529.6645161290318
2249.1,2249.100000000003
2396.0,2408.622549019608
5396.4,5396.399999999998
1188.3,1167.5888888888887
8496.6,8496.600000000004
5127.15,5127.149999999996
2970.75,3073.4115853658536
9496.2,9496.200000000008
3418.1,3418.1000000000017
1398.0,1398.0
2516.4,2584.335820895525
3822.45,3735.41129032258
11996.0,11996.0
639.2,694.1312500000001
1782.45,1746.2666666666657
7122.15,7122.150000000006
4857.3,4857.299999999999
2876.4,2923.2746666666662
11870.25,11870.25
759.05,757.5351063829786
8496.6,8496.600000000004
2276.2,2215.996875000001
2134.65,2194.57
2995.0,2791.172727272727
2037.45,2079.55945945946
5997.6,6170.031000000002
4416.6,4295.3600000000015
10497.0,10497.0
5196.0,5196.0
8397.6,8725.63125
1518.1,1561.3791666666664
3238.2,3238.2
8496.6,8496.600000000004
1917.6,2079.55945945946
3795.25,3707.4810606060605
2499.0,2499.0
8498.3,8235.194736842102
1518.1,1561.3791666666664
11396.2,11396.2
4936.2,4936.200000000003
10196.6,9939.542857142858
1598.4,1720.5000000000002
8547.15,8547.149999999998
799.0,757.5351063829786
3324.05,3324.0499999999997
8998.2,8998.2
7196.0,7196.0
6998.0,6998.0
6476.4,6476.4
3058.3,2999.9540540540543
3702.15,3702.1499999999974
13996.0,13996.0
8545.25,8545.25
466.65,491.13653846153886
5948.3,5803.513793103447
13296.2,13296.200000000006
3596.0,4337.261627906977
12596.4,12596.400000000009
3145.5,3073.4115853658536
3117.6,3237.024193548387
2398.4,2626.0259259259246
7196.0,7196.0
7645.75,7645.75
5396.4,5396.399999999998
2878.4,2999.9540540540543
5845.5,5845.5
2338.2,2251.5999999999995
1798.2,1720.5000000000002
2338.2,2251.5999999999995
8996.4,8996.400000000009
1137.15,1137.1499999999999
958.4,1016.9901098901095
958.4,1016.9901098901095
7122.15,7122.150000000006
629.1,615.0170588235289
2374.05,2374.0500000000015
1617.3,1585.157142857144
5845.5,5845.5
2468.1,2517.1188679245306
21245.75,21245.75
4796.8,4940.182608695654
4857.3,4857.3
5196.0,5384.564516129032
8996.4,8996.400000000009
8995.0,8995.0
6836.2,6836.200000000004
2796.0,2584.335820895525
2249.1,2249.100000000003
2249.1,2249.100000000003
4857.3,4857.3
509.15,491.13653846153886
5598.4,5803.513793103447
6495.0,6495.0
10196.6,9939.542857142858
599.0,583.4259999999997
1998.0,1923.0749999999998
1197.0,1197.0
3822.45,3735.41129032258
9496.2,9496.2
5696.2,5696.199999999999
11896.6,11519.784615384615
12495.0,12495.0
4748.1,4748.100000000004
4156.8,4295.3600000000015
1782.45,1746.2666666666657
1564.65,1598.5588235294122
3196.0,2923.2746666666662
559.2,615.0170588235289
12495.0,12495.0
2468.1,2517.1188679245306
2157.3,2079.55945945946
8996.4,8996.400000000009
2845.25,2791.172727272727
6998.0,6998.0
2396.0,2215.996875000001
1199.2,1293.7797619047615
2374.05,2374.0500000000015
4245.75,4337.261627906977
6998.0,6998.0
1299.0,1262.7983606557386
1138.1,1126.9753623188406
3897.0,3897.0
4749.05,4749.050000000001
10497.0,10497.0
6476.4,6476.4
9996.0,9996.0
2399.2,2399.2
2845.25,2791.172727272727
718.2,690.5769230769231
3796.2,3718.5999999999985
1299.0,1262.7983606557386
4748.1,4748.100000000004
2847.15,2737.658823529412
759.05,757.5351063829786
11245.5,11245.5
7647.45,7506.871875000001
5996.0,5996.0
3416.2,3718.5999999999985
2374.05,2374.0500000000015
1917.6,2079.55945945946
399.0,399.0
2995.0,2791.172727272727
5845.5,5845.5
1138.1,1126.9753623188406
2374.05,2374.0500000000015
22495.5,22495.5
2995.0,2791.172727272727
799.0,757.5351063829786
539.1,529.6645161290318
3196.0,2923.2746666666662
4999.0,4999.0
3145.5,3073.4115853658536
7497.0,7497.0
2396.0,2408.622549019608
8996.4,8996.400000000009
17996.4,17996.399999999998
4248.3,4164.999999999996
3145.5,3073.4115853658536
1169.1,1129.4694915254229
2699.1,2699.099999999999
4748.1,4748.100000000004
6747.3,6747.299999999993
1782.45,1746.2666666666657
4498.2,4498.200000000005
4045.5,4337.261627906977
4047.3,4047.300000000002
1234.05,1262.7983606557386
17996.4,17996.399999999998
2249.1,2249.100000000003
1078.2,1016.9901098901095
494.1,529.6645161290318
9996.0,9996.0
1976.4,2215.996875000001
1617.3,1585.157142857144
5698.1,5698.100000000002
11870.25,11870.25
1439.2,1501.4730769230773
13296.2,13296.200000000006
2196.0,2215.996875000001
14997.0,14997.0
11870.25,11870.25
1077.3,1077.2999999999997
2470.5,2791.172727272727
2470.5,2791.172727272727
2097.0,2044.5749999999987
6476.4,6476.4
4676.4,4676.399999999997
6648.1,6648.1
8095.5,8095.5
12596.4,12596.400000000009
1887.3,1917.3000000000015
1619.1,1619.0999999999992
5996.0,6171.6640625
1708.1,1771.03
1398.0,1398.0
6495.0,6495.0
2468.1,2517.1188679245306
4998.0,4998.0
2998.0,2898.066666666668
3312.45,3237.024193548387
4272.15,4272.149999999998
1529.15,1501.4730769230773
1349.1,1293.7797619047615
5127.15,5127.149999999996
3149.1,3149.100000000002
2974.15,2974.150000000001
5998.0,5998.0
594.15,615.0170588235289
3499.0,3499.0
3702.15,3702.1499999999974
899.1,870.557142857143
2156.4,2215.996875000001
8545.25,8545.25
8998.2,8998.2
6476.4,6476.4
23745.25,23745.25
2699.1,2699.099999999999
6495.0,6495.0
1992.15,2044.5749999999987
9996.0,9996.0
3598.0,3598.0
2745.0,2791.172727272727
1799.0,1799.0
1137.15,1137.1499999999999
6836.2,6836.200000000004
2556.8,2923.2746666666662
5520.75,5384.564516129032
6747.3,6747.299999999993
7122.15,7122.150000000006
2745.0,2791.172727272727
678.3,690.5769230769231
11870.25,11870.25
10497.0,10497.0
13296.2,13296.200000000006
1887.3,1917.3000000000015
1299.0,1262.7983606557386
1317.6,1455.4781249999994
1273.3,1308.8678571428572
6370.75,6171.6640625
1274.15,1293.7797619047615
1078.2,1016.9901098901095
10497.0,10497.0
3236.4,3316.5470588235307
19996.0,19996.0
2598.0,2517.1188679245306
4416.6,4295.3600000000015
1439.2,1501.4730769230773
5996.0,6171.6640625
2970.75,3073.4115853658536
2697.3,2413.9449999999993
4587.45,4587.449999999999
23745.25,23745.25
5396.4,5396.399999999998
2374.05,2374.0500000000015
4998.0,4998.0
2846.2,2584.335820895525
5127.15,5127.149999999996
4936.2,4936.200000000003
1707.15,1748.1342105263152
23745.25,23745.25
2338.2,2251.5999999999995
3149.1,3149.100000000002
1619.1,1619.0999999999992
1698.3,1720.5000000000002
2499.0,2499.0
2374.05,2374.0500000000015
2876.4,2923.2746666666662
1188.3,1167.5888888888887
1799.0,1799.0
4498.2,4498.200000000005
1799.0,1799.0
4745.25,4337.261627906977
4272.15,4272.149999999998
6998.0,6998.0
2848.1,2898.066666666668
4748.1,4748.100000000004
4498.2,4498.200000000005
8995.0,8995.0
6476.4,6476.4
4416.6,4295.3600000000015
699.0,680.8777777777779
1895.25,1935.15
12745.75,12454.180555555555
8496.6,8496.600000000004
1617.3,1585.157142857144
2236.8,2584.335820895525
4248.3,4164.999999999996
2333.25,2408.622549019608
988.2,1016.9901098901095
16620.25,16620.25
1436.4,1392.066666666667
2516.4,2584.335820895525
664.05,680.8777777777779
2037.45,2079.55945945946
6747.3,6747.299999999993
17996.4,17996.399999999998
9596.8,9939.542857142858
1234.05,1262.7983606557386
3149.1,3149.100000000002
718.2,690.5769230769231
19996.0,19996.0
2796.0,2584.335820895525
8496.6,8496.600000000004
1707.15,1748.1342105263152
2398.4,2626.0259259259246
2376.6,2584.335820895525
4272.15,4272.149999999998
3183.25,3073.4115853658536
1529.15,1501.4730769230773
1077.3,1077.2999999999997
4497.0,4497.0
3702.15,3702.1499999999974
7196.0,7196.0
569.05,583.4259999999997
4748.1,4748.100000000004
6476.4,6476.4
2249.1,2249.100000000003
1999.2,1999.2
399.0,399.0
2374.05,2374.0500000000015
5520.75,5384.564516129032
1516.2,1536.1500000000003
8995.0,8995.0
6476.4,6476.4
1328.1,1328.0999999999995
2249.1,2249.100000000003
3418.1,3418.1000000000017
4272.15,4272.149999999998
4416.6,4295.3600000000015
1349.1,1293.7797619047615
1098.0,1126.9753623188406
559.2,615.0170588235289
2796.0,2584.335820895525
1976.4,2215.996875000001
3598.0,3598.0
13996.0,14632.181818181818
2878.4,2999.9540540540543
759.05,757.5351063829786
9447.3,9447.299999999992
9498.1,9498.100000000002
599.0,583.4259999999997
6998.0,6998.0
3507.3,3507.300000000001
2374.05,2374.05
664.05,680.8777777777779
809.1,775.9789473684211
3495.0,3439.1160714285716
2697.0,2737.658823529412
2399.2,2399.2
10796.4,10796.399999999998
4498.2,4498.200000000005
1617.3,1585.157142857144
1498.0,1469.1923076923076
1617.3,1585.157142857144
2097.0,2044.5749999999987
2157.3,2079.55945945946
17495.0,17495.0
8097.3,8097.299999999999
629.1,615.0170588235289
2338.2,2251.5999999999995
2156.4,2215.996875000001
2156.4,2215.996875000001
13996.0,13996.0
4748.1,4748.100000000004
2396.0,2408.622549019608
2698.2,2626.0259259259246
2276.2,2215.996875000001
4047.3,4047.300000000002
2157.3,2079.55945945946
9496.2,9496.2
6370.75,6171.6640625
4248.3,4164.999999999996
2374.05,2374.0500000000015
4047.3,4047.300000000002
5520.75,5384.564516129032
1258.2,1258.2000000000003
5096.6,4940.182608695654
1709.05,1709.050000000001
3795.25,3707.4810606060605
664.05,680.8777777777779
1527.45,1455.4781249999994
1299.0,1262.7983606557386
2516.4,2584.335820895525
2277.15,2331.6272727272717
1438.2,1412.4857142857143
9996.0,9996.0
539.1,529.6645161290318
3598.0,3598.0
7645.75,7645.75
7196.0,7196.0
9996.0,9996.0
