City,Orders,Revenue,Profit
Delhi,630,2971226.25,566902.64
Lucknow,602,2951066.55,557445.95
Chandigarh,576,2912653.0,542743.57
Jaipur,602,2900377.15,552214.7
Surat,523,2689409.95,509852.68
Mumbai,525,2567461.8,490077.69
Kolkata,502,2535604.5,461936.49
Guwahati,506,2515758.95,495867.98
Patna,473,2512531.05,466081.85
Pune,514,2499976.6,474365.77
Bhubaneswar,498,2303981.0,458836.44
Ahmedabad,455,2161759.15,414254.33
Bangalore,413,2087817.8,389664.46
Hyderabad,404,1910286.05,374256.39
Kochi,387,1876599.95,354850.83
Chennai,384,1807018.05,336418.03
