Actual_Revenue,Predicted_Revenue,Prediction_Error
17495.0,17495.0,0.0
4998.0,4998.0,0.0
1328.1,1328.0999999999995,4.547473508864641e-13
539.1,529.6645161290318,9.435483870968255
6747.3,6747.299999999993,7.275957614183426e-12
1328.1,1328.0999999999995,4.547473508864641e-13
1797.0,1748.1342105263152,48.8657894736848
1439.2,1501.4730769230773,-62.27307692307727
1992.15,2044.5749999999982,-52.424999999998136
3395.75,3707.4810606060605,-311.7310606060605
4245.75,4337.261627906977,-91.51162790697708
3597.6,3735.411290322582,-137.81129032258195
594.15,615.0170588235292,-20.86705882352919
2796.0,2584.3358208955246,211.66417910447535
3998.4,4164.999999999997,-166.59999999999718
12495.0,12495.0,0.0
5520.75,5384.564516129032,136.1854838709678
6298.2,6298.200000000003,-2.7284841053187847e-12
849.15,870.5571428571429,-21.407142857142958
5396.4,5396.399999999998,1.8189894035458565e-12
2022.3,1917.3000000000015,104.99999999999841
6836.2,6836.200000000004,-4.547473508864641e-12
6298.2,6298.200000000003,-2.7284841053187847e-12
2598.0,2517.1188679245306,80.8811320754694
4498.2,4498.200000000005,-5.4569682106375694e-12
2697.0,2737.658823529412,-40.658823529412075
2097.0,2044.5749999999982,52.42500000000177
2598.0,2517.1188679245306,80.8811320754694
5948.3,5803.513793103446,144.78620689655418
854.05,899.0,-44.950000000000045
9972.15,9972.150000000005,-5.4569682106375694e-12
1797.0,1748.1342105263152,48.8657894736848
1258.2,1258.2000000000003,-2.2737367544323206e-13
6745.5,6745.5,0.0
1647.0,1598.558823529412,48.44117647058806
1358.3,1308.8678571428575,49.43214285714248
4495.5,4337.261627906977,158.23837209302292
594.15,615.0170588235292,-20.86705882352919
2598.0,2517.1188679245306,80.8811320754694
1709.05,1709.050000000001,-1.1368683772161603e-12
3320.25,3439.1160714285716,-118.86607142857156
8095.5,8095.5,0.0
1198.0,1126.9753623188406,71.02463768115945
629.1,615.0170588235292,14.082941176470854
2796.0,3073.4115853658536,-277.4115853658536
1398.0,1398.0,0.0
7497.0,7497.0,0.0
6476.4,6476.4,0.0
9998.0,9998.0,0.0
4498.2,4498.200000000005,-5.4569682106375694e-12
4047.3,4047.300000000002,-1.8189894035458565e-12
4936.2,4936.200000000003,-2.7284841053187847e-12
4749.05,4749.050000000001,-9.094947017729282e-13
4272.15,4272.149999999998,1.8189894035458565e-12
2338.2,2251.599999999999,86.60000000000082
4249.15,4249.150000000001,-9.094947017729282e-13
12495.0,12495.0,0.0
1169.1,1129.469491525423,39.6305084745768
6495.0,6495.0,0.0
13296.2,13296.200000000006,-5.4569682106375694e-12
1708.1,1771.0300000000002,-62.93000000000029
1619.1,1619.0999999999992,6.821210263296962e-13
12596.4,12596.400000000009,-9.094947017729282e-12
957.6,977.5500000000002,-19.95000000000016
8995.0,8995.0,0.0
2374.05,2374.0500000000015,-1.3642420526593924e-12
5127.15,5127.149999999996,3.637978807091713e-12
3507.3,3507.300000000001,-9.094947017729282e-13
2157.6,2413.945,-256.34500000000025
4498.2,4498.200000000005,-5.4569682106375694e-12
2598.0,2517.1188679245306,80.8811320754694
1564.65,1598.558823529412,-33.90882352941185
8995.0,8995.0,0.0
1707.15,1748.1342105263152,-40.98421052631511
1799.0,1799.0,0.0
4936.2,4936.200000000003,-2.7284841053187847e-12
1299.0,1262.7983606557389,36.20163934426114
1098.0,1126.9753623188406,-28.975362318840553
7120.25,7120.25,0.0
7120.25,7120.25,0.0
3312.45,3237.024193548388,75.4258064516116
2970.75,3073.4115853658536,-102.66158536585363
13497.3,13497.299999999996,3.637978807091713e-12
1916.8,1939.3210526315797,-22.521052631579778
8996.4,8996.400000000009,-9.094947017729282e-12
7497.0,7497.0,0.0
3507.3,3507.300000000001,-9.094947017729282e-13
9972.15,9972.150000000005,-5.4569682106375694e-12
5096.6,4940.182608695654,156.41739130434598
2468.1,2517.1188679245306,-49.018867924530696
1895.25,1935.15,-39.90000000000009
1598.0,1561.379166666666,36.620833333334076
1138.1,1126.9753623188406,11.124637681159356
3395.75,3707.4810606060605,-311.7310606060605
1518.1,1561.379166666666,-43.279166666666015
4497.0,4497.0,0.0
2878.4,2999.9540540540547,-121.55405405405463
21245.75,21245.75,0.0
17495.0,17495.0,0.0
1518.1,1561.379166666666,-43.279166666666015
1198.0,1126.9753623188406,71.02463768115945
1328.1,1328.0999999999995,4.547473508864641e-13
9972.15,9972.150000000005,-5.4569682106375694e-12
1138.1,1126.9753623188406,11.124637681159356
6747.3,6747.299999999993,7.275957614183426e-12
8995.0,8995.0,0.0
1709.05,1709.050000000001,-1.1368683772161603e-12
664.05,680.8777777777776,-16.82777777777767
958.4,1016.9901098901095,-58.59010989010949
2157.3,2079.55945945946,77.74054054054022
719.1,694.1312499999998,24.968750000000227
2196.0,2215.996875,-19.996874999999818
12495.0,12495.0,0.0
13996.0,13996.0,0.0
12747.45,12247.550000000001,499.89999999999964
1399.95,1455.4781249999996,-55.52812499999959
599.0,583.4259999999998,15.574000000000183
3507.3,3507.300000000001,-9.094947017729282e-13
1398.0,1398.0,0.0
2086.2,2215.996875,-129.796875
4748.1,4748.100000000004,-3.637978807091713e-12
3418.1,3418.1000000000017,-1.8189894035458565e-12
7495.0,7495.0,0.0
6170.25,6170.25,0.0
629.1,615.0170588235292,14.082941176470854
4495.5,4337.261627906977,158.23837209302292
3998.4,4164.999999999997,-166.59999999999718
2236.8,2584.3358208955246,-347.53582089552447
3312.45,3237.024193548388,75.4258064516116
3598.0,3598.0,0.0
629.1,615.0170588235292,14.082941176470854
6298.2,6298.200000000003,-2.7284841053187847e-12
2845.25,2791.172727272727,54.077272727272884
2799.2,2799.1999999999994,4.547473508864641e-13
2998.0,2898.0666666666684,99.93333333333157
2208.3,2251.599999999999,-43.29999999999882
2696.4,2584.3358208955246,112.06417910447544
2716.6,2923.274666666666,-206.67466666666587
5098.3,4926.9285714285725,171.3714285714277
11896.6,11519.784615384611,376.8153846153891
8996.4,8996.400000000009,-9.094947017729282e-12
3324.05,3324.050000000002,-1.8189894035458565e-12
599.0,583.4259999999998,15.574000000000183
1617.3,1585.157142857144,32.14285714285597
2878.4,2999.9540540540547,-121.55405405405463
2695.5,2791.172727272727,-95.67272727272712
12596.4,12596.400000000009,-9.094947017729282e-12
2124.15,2124.1499999999996,4.547473508864641e-13
4587.45,4587.449999999999,9.094947017729282e-13
439.2,491.13653846153886,-51.93653846153887
1169.1,1129.469491525423,39.6305084745768
8545.25,8545.25,0.0
13996.0,13996.0,0.0
9998.0,9998.0,0.0
1677.6,1746.266666666666,-68.66666666666606
3507.3,3507.300000000001,-9.094947017729282e-13
8095.5,8095.5,0.0
3238.2,3238.2,0.0
7196.0,7196.0,0.0
6998.0,6998.0,0.0
3995.0,3707.4810606060605,287.5189393939395
3897.0,3897.0,0.0
3036.2,2923.274666666666,112.92533333333404
3058.3,2999.9540540540547,58.34594594594546
1077.3,1077.2999999999997,2.2737367544323206e-13
3036.2,2923.274666666666,112.92533333333404
2846.2,2584.3358208955246,261.86417910447517
19996.0,19996.0,0.0
4498.2,4498.200000000005,-5.4569682106375694e-12
1916.8,1939.3210526315797,-22.521052631579778
809.1,775.9789473684211,33.12105263157889
798.0,786.6000000000001,11.399999999999864
6495.0,6495.0,0.0
6998.0,6998.0,0.0
8996.4,8996.400000000009,-9.094947017729282e-12
2156.4,2215.996875,-59.59687499999973
2397.0,2331.6272727272717,65.3727272727283
3595.5,3707.4810606060605,-111.98106060606051
6747.3,6747.299999999993,7.275957614183426e-12
1328.1,1328.0999999999995,4.547473508864641e-13
12495.0,12495.0,0.0
3324.05,3324.0499999999997,4.547473508864641e-13
6495.0,6495.0,0.0
664.05,680.8777777777776,-16.82777777777767
4936.2,4936.200000000003,-2.7284841053187847e-12
1564.65,1598.558823529412,-33.90882352941185
2396.0,2215.996875,180.00312500000018
2097.0,2044.5749999999982,52.42500000000177
6298.2,6298.200000000003,-2.7284841053187847e-12
2845.25,2791.172727272727,54.077272727272884
11896.6,11519.784615384611,376.8153846153891
1169.1,1129.469491525423,39.6305084745768
4998.0,4998.0,0.0
7497.0,7497.0,0.0
5845.5,5845.5,0.0
3238.2,3238.2,0.0
7196.0,7196.0,0.0
10620.75,10620.75,0.0
2338.2,2251.599999999999,86.60000000000082
3702.15,3702.1499999999974,2.7284841053187847e-12
1273.3,1308.8678571428575,-35.56785714285752
719.1,694.1312499999998,24.968750000000227
14247.15,14247.149999999996,3.637978807091713e-12
10497.0,10497.0,0.0
1169.1,1129.469491525423,39.6305084745768
3499.0,3499.0,0.0
674.1,615.0170588235292,59.082941176470854
5598.4,5803.513793103446,-205.11379310344637
2549.15,2549.1500000000005,-4.547473508864641e-13
15745.5,15745.5,0.0
15745.5,15745.5,0.0
1077.3,1077.2999999999997,2.2737367544323206e-13
13495.5,13495.5,0.0
7122.15,7122.150000000006,-6.366462912410498e-12
6476.4,6476.4,0.0
6745.5,6745.5,0.0
12495.0,12495.0,0.0
664.05,680.8777777777776,-16.82777777777767
1617.3,1585.157142857144,32.14285714285597
674.1,615.0170588235292,59.082941176470854
3196.0,3707.4810606060605,-511.4810606060605
1328.1,1328.0999999999995,4.547473508864641e-13
2156.4,2215.996875,-59.59687499999973
3595.5,3707.4810606060605,-111.98106060606051
1169.1,1129.469491525423,39.6305084745768
1527.45,1455.4781249999996,71.97187500000041
24995.0,24995.0,0.0
466.65,491.13653846153886,-24.486538461538885
1199.2,1293.7797619047615,-94.57976190476143
5397.0,5397.0,0.0
1258.2,1258.2000000000003,-2.2737367544323206e-13
4587.45,4587.449999999999,9.094947017729282e-13
2276.2,2215.996875,60.203125
2396.0,2215.996875,180.00312500000018
5996.0,5996.0,0.0
1199.2,1293.7797619047615,-94.57976190476143
5127.15,5127.149999999996,3.637978807091713e-12
3598.0,3598.0,0.0
6476.4,6476.4,0.0
2097.0,2044.5749999999982,52.42500000000177
5397.0,5397.0,0.0
1278.4,1308.8678571428575,-30.467857142857383
5196.0,5384.564516129032,-188.5645161290322
8547.15,8547.149999999998,1.8189894035458565e-12
1564.65,1598.558823529412,-33.90882352941185
6747.3,6747.299999999993,7.275957614183426e-12
4416.6,4295.3600000000015,121.23999999999887
10620.75,10620.75,0.0
3238.2,3238.2,0.0
8995.0,8995.0,0.0
2396.0,2215.996875,180.00312500000018
9996.0,9996.0,0.0
3149.1,3149.100000000002,-2.2737367544323206e-12
1328.1,1328.0999999999995,4.547473508864641e-13
11245.5,11245.5,0.0
2845.25,2791.172727272727,54.077272727272884
1527.45,1455.4781249999996,71.97187500000041
359.1,359.1,0.0
2548.3,2626.025925925926,-77.72592592592582
5127.15,5127.149999999996,3.637978807091713e-12
5196.0,5196.0,0.0
5696.2,5696.199999999999,9.094947017729282e-13
3998.4,4164.999999999997,-166.59999999999718
13495.5,13495.5,0.0
5196.0,5196.0,0.0
1234.05,1262.7983606557389,-28.748360655738907
12596.4,12596.400000000009,-9.094947017729282e-12
24995.0,24995.0,0.0
5520.75,5384.564516129032,136.1854838709678
2374.05,2374.0500000000015,-1.3642420526593924e-12
594.15,615.0170588235292,-20.86705882352919
9447.3,9447.299999999992,7.275957614183426e-12
9447.3,9447.299999999992,7.275957614183426e-12
4676.4,4676.399999999997,2.7284841053187847e-12
849.15,870.5571428571429,-21.407142857142958
5196.0,5196.0,0.0
11996.0,11996.0,0.0
1436.4,1392.0666666666668,44.33333333333326
1328.1,1328.0999999999995,4.547473508864641e-13
9496.2,9496.200000000006,-5.4569682106375694e-12
5096.6,4940.182608695654,156.41739130434598
2276.2,2215.996875,60.203125
19996.0,19996.0,0.0
6370.75,6171.6640625,199.0859375
494.1,529.6645161290318,-35.564516129031745
4498.2,4498.200000000005,-5.4569682106375694e-12
2470.5,2791.172727272727,-320.6727272727271
3236.4,3316.5470588235294,-80.14705882352928
539.1,529.6645161290318,9.435483870968255
1328.1,1328.0999999999995,4.547473508864641e-13
14870.75,14632.181818181818,238.56818181818198
4998.0,4998.0,0.0
4248.3,4164.999999999997,83.30000000000291
1299.0,1262.7983606557389,36.20163934426114
2656.2,2584.3358208955246,71.86417910447517
6747.3,6747.299999999993,7.275957614183426e-12
6998.0,6998.0,0.0
1328.1,1328.0999999999995,4.547473508864641e-13
8995.0,8995.0,0.0
1516.2,1536.1500000000003,-19.950000000000273
8996.4,8996.400000000009,-9.094947017729282e-12
14997.0,14997.0,0.0
3598.0,3598.0,0.0
5397.0,5397.0,0.0
8995.0,8995.0,0.0
9996.0,9996.0,0.0
2468.1,2517.1188679245306,-49.018867924530696
1797.0,1748.1342105263152,48.8657894736848
6745.5,6745.5,0.0
559.2,615.0170588235292,-55.81705882352912
4998.0,4998.0,0.0
2997.0,2737.658823529412,259.3411764705879
3196.0,2923.274666666666,272.7253333333342
5997.6,6170.031000000004,-172.43100000000322
12495.0,12495.0,0.0
11896.6,11519.784615384611,376.8153846153891
1423.1,1469.1923076923076,-46.09230769230771
664.05,680.8777777777776,-16.82777777777767
11396.2,11396.2,0.0
2878.4,2999.9540540540547,-121.55405405405463
1992.15,2044.5749999999982,-52.424999999998136
1499.0,1461.5250000000015,37.474999999998545
2374.05,2374.0500000000015,-1.3642420526593924e-12
4857.3,4857.300000000001,-9.094947017729282e-13
9996.0,9996.0,0.0
4936.2,4936.200000000003,-2.7284841053187847e-12
2249.1,2249.100000000003,-3.183231456205249e-12
1917.6,2079.55945945946,-161.95945945946005
13996.0,13996.0,0.0
13996.0,14632.181818181818,-636.181818181818
3395.75,3707.4810606060605,-311.7310606060605
2562.15,2737.658823529412,-175.50882352941198
17495.0,17495.0,0.0
1518.1,1561.379166666666,-43.279166666666015
1424.05,1461.5250000000015,-37.4750000000015
2598.0,2517.1188679245306,80.8811320754694
1709.05,1709.050000000001,-1.1368683772161603e-12
2399.2,2399.2,0.0
9972.15,9972.150000000005,-5.4569682106375694e-12
2124.15,2124.1499999999996,4.547473508864641e-13
479.2,491.13653846153886,-11.936538461538873
4497.0,4497.0,0.0
3822.45,3735.411290322582,87.03870967741796
2995.0,2791.172727272727,203.82727272727288
6747.3,6747.299999999993,7.275957614183426e-12
7196.0,7196.0,0.0
7497.0,7497.0,0.0
9972.15,9972.150000000005,-5.4569682106375694e-12
1104.15,1129.469491525423,-25.319491525423018
2124.15,2124.1499999999996,4.547473508864641e-13
1349.1,1293.7797619047615,55.32023809523844
3495.0,3439.1160714285716,55.88392857142844
1619.1,1619.0999999999992,6.821210263296962e-13
1039.2,1129.469491525423,-90.26949152542306
5696.2,5696.199999999999,9.094947017729282e-13
1799.0,1799.0,0.0
2876.4,2923.274666666666,-46.87466666666569
1258.2,1258.2000000000003,-2.2737367544323206e-13
718.2,690.576923076923,27.623076923077065
7996.8,7996.800000000002,-1.8189894035458565e-12
1797.0,1748.1342105263152,48.8657894736848
11245.5,11245.5,0.0
3196.0,2923.274666666666,272.7253333333342
3238.2,3238.2,0.0
17495.0,17495.0,0.0
4499.1,4499.099999999999,9.094947017729282e-13
1328.1,1328.0999999999995,4.547473508864641e-13
17495.0,17495.0,0.0
2974.15,2974.150000000001,-9.094947017729282e-13
539.1,529.6645161290318,9.435483870968255
1273.3,1308.8678571428575,-35.56785714285752
2970.75,3073.4115853658536,-102.66158536585363
2549.15,2549.1500000000005,-4.547473508864641e-13
6747.3,6747.299999999993,7.275957614183426e-12
1499.0,1461.5250000000015,37.474999999998545
594.15,615.0170588235292,-20.86705882352919
1797.0,1748.1342105263152,48.8657894736848
4857.3,4857.300000000001,-9.094947017729282e-13
5845.5,5845.5,0.0
3795.25,3707.4810606060605,87.76893939393949
3507.3,3507.300000000001,-9.094947017729282e-13
3702.15,3702.1499999999974,2.7284841053187847e-12
7197.6,7506.871875000001,-309.27187500000036
15745.5,15745.5,0.0
14995.0,14995.0,0.0
5196.0,5196.0,0.0
17996.4,17996.399999999998,3.637978807091713e-12
4587.45,4587.449999999999,9.094947017729282e-13
5096.6,4940.182608695654,156.41739130434598
5396.4,5396.399999999998,1.8189894035458565e-12
3145.5,3073.4115853658536,72.08841463414637
4748.1,4748.100000000004,-3.637978807091713e-12
2716.6,2923.274666666666,-206.67466666666587
12596.4,12596.400000000009,-9.094947017729282e-12
1188.3,1167.5888888888885,20.71111111111145
6495.0,6495.0,0.0
1299.0,1262.7983606557389,36.20163934426114
1617.3,1585.157142857144,32.14285714285597
2277.15,2331.6272727272717,-54.47727272727161
1617.3,1585.157142857144,32.14285714285597
7647.45,7506.871875000001,140.5781249999991
949.05,982.35,-33.30000000000007
10196.6,9939.542857142858,257.057142857142
8498.3,8235.194736842102,263.10526315789684
9996.0,9996.0,0.0
521.55,527.0400000000001,-5.490000000000123
719.1,694.1312499999998,24.968750000000227
4272.15,4272.149999999998,1.8189894035458565e-12
1917.6,2079.55945945946,-161.95945945946005
2249.1,2249.100000000003,-3.183231456205249e-12
2249.1,2249.100000000003,-3.183231456205249e-12
1138.1,1126.9753623188406,11.124637681159356
629.1,615.0170588235292,14.082941176470854
6836.2,6836.200000000004,-4.547473508864641e-12
999.0,982.35,16.649999999999977
2499.0,2499.0,0.0
3149.1,3149.100000000002,-2.2737367544323206e-12
1617.3,1585.157142857144,32.14285714285597
1528.3,1543.2833333333335,-14.983333333333576
14870.75,14632.181818181818,238.56818181818198
3196.8,3316.5470588235294,-119.74705882352919
1499.0,1461.5250000000015,37.474999999998545
629.1,615.0170588235292,14.082941176470854
2995.0,2791.172727272727,203.82727272727288
664.05,680.8777777777776,-16.82777777777767
2078.4,2251.599999999999,-173.1999999999989
1137.15,1137.1499999999999,2.2737367544323206e-13
11245.5,11245.5,0.0
719.1,694.1312499999998,24.968750000000227
599.0,583.4259999999998,15.574000000000183
1709.05,1709.050000000001,-1.1368683772161603e-12
1529.15,1501.4730769230773,27.676923076922776
6116.6,6116.600000000001,-9.094947017729282e-13
11896.6,11519.784615384611,376.8153846153891
1518.1,1561.379166666666,-43.279166666666015
9972.15,9972.150000000005,-5.4569682106375694e-12
988.2,1016.9901098901095,-28.79010989010942
3238.2,3238.2,0.0
5520.75,5384.564516129032,136.1854838709678
9496.2,9496.200000000006,-5.4569682106375694e-12
5845.5,5845.5,0.0
1138.1,1126.9753623188406,11.124637681159356
4317.6,4317.599999999999,9.094947017729282e-13
5196.0,5384.564516129032,-188.5645161290322
3507.3,3507.300000000001,-9.094947017729282e-13
2157.3,2079.55945945946,77.74054054054022
2249.1,2249.100000000003,-3.183231456205249e-12
2208.3,2251.599999999999,-43.29999999999882
3058.3,2999.9540540540547,58.34594594594546
3370.5,3073.4115853658536,297.0884146341464
1992.15,2044.5749999999982,-52.424999999998136
5845.5,5845.5,0.0
1078.2,1016.9901098901095,61.20989010989058
799.0,757.5351063829785,41.46489361702152
4857.3,4857.3,0.0
494.1,529.6645161290318,-35.564516129031745
1436.4,1392.0666666666668,44.33333333333326
2607.75,2791.172727272727,-183.42272727272712
4498.2,4498.200000000005,-5.4569682106375694e-12
10497.0,10497.0,0.0
2374.05,2374.0500000000015,-1.3642420526593924e-12
7497.0,7497.0,0.0
2849.05,2849.050000000001,-9.094947017729282e-13
2997.0,2737.658823529412,259.3411764705879
719.1,694.1312499999998,24.968750000000227
1077.3,1077.2999999999997,2.2737367544323206e-13
2499.0,2499.0,0.0
8996.4,8996.400000000009,-9.094947017729282e-12
3149.1,3149.100000000002,-2.2737367544323206e-12
10196.6,9939.542857142858,257.057142857142
3196.0,2923.274666666666,272.7253333333342
2699.1,2699.099999999999,9.094947017729282e-13
6116.6,6116.600000000001,-9.094947017729282e-13
1078.2,1016.9901098901095,61.20989010989058
6998.0,6998.0,0.0
2396.0,2408.622549019608,-12.622549019607959
11245.5,11245.5,0.0
12596.4,12596.400000000009,-9.094947017729282e-12
1619.1,1619.0999999999992,6.821210263296962e-13
3557.75,3439.1160714285716,118.63392857142844
9498.1,9498.100000000002,-1.8189894035458565e-12
7122.15,7122.150000000006,-6.366462912410498e-12
9972.15,9972.150000000005,-5.4569682106375694e-12
6370.75,6171.6640625,199.0859375
2333.25,2408.622549019608,-75.37254901960796
2078.4,2251.599999999999,-173.1999999999989
1234.05,1262.7983606557389,-28.748360655738907
4416.6,4295.3600000000015,121.23999999999887
7120.25,7120.25,0.0
2374.05,2374.05,0.0
3507.3,3507.300000000001,-9.094947017729282e-13
2598.0,2517.1188679245306,80.8811320754694
1799.0,1799.0,0.0
6170.25,6170.25,0.0
4748.1,4748.100000000004,-3.637978807091713e-12
2695.5,2791.172727272727,-95.67272727272712
2022.3,1917.3000000000015,104.99999999999841
2468.1,2517.1188679245306,-49.018867924530696
6648.1,6648.1,0.0
569.05,583.4259999999998,-14.375999999999863
599.0,583.4259999999998,15.574000000000183
3702.15,3702.1499999999974,2.7284841053187847e-12
9447.3,9447.299999999992,7.275957614183426e-12
3149.1,3149.100000000002,-2.2737367544323206e-12
539.1,529.6645161290318,9.435483870968255
1018.3,1016.9901098901095,1.309890109890489
2849.05,2849.050000000001,-9.094947017729282e-13
8397.6,8725.631250000002,-328.0312500000018
539.1,529.6645161290318,9.435483870968255
678.3,690.576923076923,-12.276923076923026
1916.8,1939.3210526315797,-22.521052631579778
3117.6,3237.024193548388,-119.4241935483883
2124.15,2124.1499999999996,4.547473508864641e-13
2998.0,2898.0666666666684,99.93333333333157
14997.0,14997.0,0.0
9996.0,9996.0,0.0
2848.1,2898.0666666666684,-49.966666666668516
2849.05,2849.050000000001,-9.094947017729282e-13
1078.2,1016.9901098901095,61.20989010989058
4416.6,4295.3600000000015,121.23999999999887
5997.6,6170.031000000004,-172.43100000000322
5098.3,4926.9285714285725,171.3714285714277
1619.1,1619.0999999999992,6.821210263296962e-13
8995.0,8995.0,0.0
8095.5,8095.5,0.0
11870.25,11870.25,0.0
2277.15,2331.6272727272717,-54.47727272727161
3822.45,3735.411290322582,87.03870967741796
6476.4,6476.4,0.0
3595.5,3707.4810606060605,-111.98106060606051
4748.1,4748.100000000004,-3.637978807091713e-12
2876.4,2923.274666666666,-46.87466666666569
24995.0,24995.0,0.0
8545.25,8545.25,0.0
2516.4,2584.3358208955246,-67.93582089552456
1617.3,1585.157142857144,32.14285714285597
2249.1,2249.100000000003,-3.183231456205249e-12
4796.8,4940.182608695654,-143.3826086956542
1647.0,1598.558823529412,48.44117647058806
7998.4,8235.194736842102,-236.7947368421028
7645.75,7645.75,0.0
4249.15,4249.150000000001,-9.094947017729282e-13
1104.15,1129.469491525423,-25.319491525423018
18996.2,18996.200000000004,-3.637978807091713e-12
13996.0,13996.0,0.0
6747.3,6747.299999999993,7.275957614183426e-12
2396.0,2215.996875,180.00312500000018
1438.2,1412.4857142857143,25.71428571428578
12495.0,12495.0,0.0
1258.2,1258.2000000000003,-2.2737367544323206e-13
2276.2,2215.996875,60.203125
5127.15,5127.149999999996,3.637978807091713e-12
711.55,757.5351063829785,-45.98510638297853
1992.15,2044.5749999999982,-52.424999999998136
3370.5,3073.4115853658536,297.0884146341464
1438.2,1412.4857142857143,25.71428571428578
4857.3,4857.3,0.0
1482.3,1585.157142857144,-102.85714285714403
10497.0,10497.0,0.0
1043.1,1126.9753623188406,-83.87536231884064
3324.05,3324.0499999999997,4.547473508864641e-13
3499.0,3499.0,0.0
2097.0,2044.5749999999982,52.42500000000177
2398.4,2626.025925925926,-227.6259259259259
5948.3,5803.513793103446,144.78620689655418
16620.25,16620.25,0.0
1799.0,1799.0,0.0
2249.1,2249.100000000003,-3.183231456205249e-12
12495.0,12495.0,0.0
10796.4,10796.399999999998,1.8189894035458565e-12
1436.4,1392.0666666666668,44.33333333333326
1619.1,1619.0999999999992,6.821210263296962e-13
13996.0,14632.181818181818,-636.181818181818
3796.2,3718.599999999999,77.60000000000082
2078.4,2251.599999999999,-173.1999999999989
4248.3,4164.999999999997,83.30000000000291
4587.45,4587.449999999999,9.094947017729282e-13
539.1,529.6645161290318,9.435483870968255
2276.2,2215.996875,60.203125
3418.1,3418.1000000000017,-1.8189894035458565e-12
4936.2,4936.200000000003,-2.7284841053187847e-12
2848.1,2898.0666666666684,-49.966666666668516
2598.0,2517.1188679245306,80.8811320754694
4857.3,4857.300000000001,-9.094947017729282e-13
4749.05,4749.050000000001,-9.094947017729282e-13
2156.4,2215.996875,-59.59687499999973
957.6,977.5500000000002,-19.95000000000016
4317.6,4317.599999999999,9.094947017729282e-13
3149.1,3149.100000000002,-2.2737367544323206e-12
1677.6,1746.266666666666,-68.66666666666606
5196.0,5384.564516129032,-188.5645161290322
3145.5,3073.4115853658536,72.08841463414637
9496.2,9496.200000000006,-5.4569682106375694e-12
3796.2,3718.599999999999,77.60000000000082
1756.8,1939.3210526315797,-182.52105263157978
3320.25,3439.1160714285716,-118.86607142857156
1999.2,1999.2,0.0
5996.0,5996.0,0.0
1618.2,1543.2833333333335,74.91666666666652
2699.1,2699.099999999999,9.094947017729282e-13
5096.6,4940.182608695654,156.41739130434598
9498.1,9498.100000000002,-1.8189894035458565e-12
1999.2,1999.2,0.0
7120.25,7120.25,0.0
9447.3,9447.299999999992,7.275957614183426e-12
2396.0,2215.996875,180.00312500000018
599.0,583.4259999999998,15.574000000000183
14870.75,14632.181818181818,238.56818181818198
2134.65,2194.57,-59.92000000000007
2799.2,2799.1999999999994,4.547473508864641e-13
3598.0,3598.0,0.0
2995.0,2791.172727272727,203.82727272727288
4748.1,4748.100000000004,-3.637978807091713e-12
569.05,583.4259999999998,-14.375999999999863
6170.25,6170.25,0.0
988.2,1016.9901098901095,-28.79010989010942
15745.5,15745.5,0.0
4998.0,4998.0,0.0
8547.15,8547.149999999998,1.8189894035458565e-12
1234.05,1262.7983606557389,-28.748360655738907
1999.2,1999.2,0.0
12495.0,12495.0,0.0
2848.1,2898.0666666666684,-49.966666666668516
1528.3,1543.2833333333335,-14.983333333333576
17495.0,17495.0,0.0
1138.1,1126.9753623188406,11.124637681159356
2398.4,2626.025925925926,-227.6259259259259
2196.0,2215.996875,-19.996874999999818
1887.3,1917.3000000000015,-30.00000000000159
15745.5,15745.5,0.0
9996.0,9996.0,0.0
2878.4,2999.9540540540547,-121.55405405405463
10620.75,10620.75,0.0
521.55,527.0400000000001,-5.490000000000123
6747.3,6747.299999999993,7.275957614183426e-12
4045.5,4337.261627906977,-291.7616279069771
9972.15,9972.150000000005,-5.4569682106375694e-12
9996.0,9996.0,0.0
6648.1,6648.1,0.0
639.2,694.1312499999998,-54.93124999999975
2848.1,2898.0666666666684,-49.966666666668516
4587.45,4587.449999999999,9.094947017729282e-13
16996.6,16996.600000000002,-3.637978807091713e-12
6747.3,6747.299999999993,7.275957614183426e-12
6747.3,6747.299999999993,7.275957614183426e-12
3238.2,3238.2,0.0
9496.2,9496.200000000006,-5.4569682106375694e-12
1424.05,1461.5250000000015,-37.4750000000015
2086.2,2215.996875,-129.796875
3595.5,3707.4810606060605,-111.98106060606051
8922.45,8725.631250000002,196.81874999999854
719.1,694.1312499999998,24.968750000000227
2374.05,2374.05,0.0
8997.0,8997.0,0.0
7497.0,7497.0,0.0
2698.2,2626.025925925926,72.17407407407381
2097.0,2044.5749999999982,52.42500000000177
11896.6,11519.784615384611,376.8153846153891
1299.0,1262.7983606557389,36.20163934426114
3036.2,2923.274666666666,112.92533333333404
4045.5,4337.261627906977,-291.7616279069771
2699.1,2699.099999999999,9.094947017729282e-13
629.1,615.0170588235292,14.082941176470854
6648.1,6648.1,0.0
6170.25,6170.25,0.0
5996.0,6171.6640625,-175.6640625
2698.2,2626.025925925926,72.17407407407381
899.0,899.0,0.0
2374.05,2374.05,0.0
1516.2,1536.1500000000003,-19.950000000000273
2249.1,2249.100000000003,-3.183231456205249e-12
2333.25,2408.622549019608,-75.37254901960796
629.1,615.0170588235292,14.082941176470854
2157.3,2079.55945945946,77.74054054054022
1999.2,1999.2,0.0
1887.3,1917.3000000000015,-30.00000000000159
1527.45,1455.4781249999996,71.97187500000041
2249.1,2249.100000000003,-3.183231456205249e-12
4248.3,4164.999999999997,83.30000000000291
2499.0,2499.0,0.0
719.1,694.1312499999998,24.968750000000227
1709.05,1709.050000000001,-1.1368683772161603e-12
5845.5,5845.5,0.0
4047.3,4047.300000000002,-1.8189894035458565e-12
2549.15,2549.1500000000005,-4.547473508864641e-13
4045.5,4337.261627906977,-291.7616279069771
2396.0,2215.996875,180.00312500000018
4676.4,4676.399999999997,2.7284841053187847e-12
4248.3,4164.999999999997,83.30000000000291
3507.3,3507.300000000001,-9.094947017729282e-13
6170.25,6170.25,0.0
3324.05,3324.050000000002,-1.8189894035458565e-12
8095.5,8095.5,0.0
2338.2,2251.599999999999,86.60000000000082
5997.6,6170.031000000004,-172.43100000000322
1234.05,1262.7983606557389,-28.748360655738907
799.0,757.5351063829785,41.46489361702152
2499.0,2499.0,0.0
1529.15,1501.4730769230773,27.676923076922776
1398.0,1398.0,0.0
3145.5,3073.4115853658536,72.08841463414637
4998.0,4998.0,0.0
6298.2,6298.200000000003,-2.7284841053187847e-12
5948.3,5803.513793103446,144.78620689655418
2249.1,2249.100000000003,-3.183231456205249e-12
3795.25,3707.4810606060605,87.76893939393949
2276.2,2215.996875,60.203125
2249.1,2249.100000000003,-3.183231456205249e-12
7196.0,7196.0,0.0
1018.3,1016.9901098901095,1.309890109890489
8996.4,8996.400000000009,-9.094947017729282e-12
3995.0,3707.4810606060605,287.5189393939395
5845.5,5845.5,0.0
1188.3,1167.5888888888885,20.71111111111145
16620.25,16620.25,0.0
3745.0,3439.1160714285716,305.88392857142844
15745.5,15745.5,0.0
1423.1,1469.1923076923076,-46.09230769230771
10620.75,10620.75,0.0
1564.65,1598.558823529412,-33.90882352941185
9996.0,9996.0,0.0
8997.0,8997.0,0.0
7495.0,7495.0,0.0
1018.3,1016.9901098901095,1.309890109890489
8095.5,8095.5,0.0
4998.0,4998.0,0.0
2499.0,2499.0,0.0
5397.0,5397.0,0.0
1018.3,1016.9901098901095,1.309890109890489
2698.2,2626.025925925926,72.17407407407381
379.05,379.05,0.0
10796.4,10796.399999999998,1.8189894035458565e-12
1078.2,1016.9901098901095,61.20989010989058
359.1,359.1,0.0
7497.0,7497.0,0.0
8545.25,8545.25,0.0
3499.0,3499.0,0.0
4998.0,4998.0,0.0
6998.0,6998.0,0.0
2695.5,2791.172727272727,-95.67272727272712
1234.05,1262.7983606557389,-28.748360655738907
7196.0,7196.0,0.0
24995.0,24995.0,0.0
1992.15,2044.5749999999982,-52.424999999998136
6170.25,6170.25,0.0
6170.25,6170.25,0.0
1482.3,1585.157142857144,-102.85714285714403
1799.0,1799.0,0.0
2656.2,2584.3358208955246,71.86417910447517
6170.25,6170.25,0.0
12596.4,12596.400000000009,-9.094947017729282e-12
1398.0,1398.0,0.0
1895.25,1935.15,-39.90000000000009
3036.2,2923.274666666666,112.92533333333404
11870.25,11870.25,0.0
5996.0,5996.0,0.0
2396.0,2408.622549019608,-12.622549019607959
3145.5,3073.4115853658536,72.08841463414637
8995.0,8995.0,0.0
8496.6,8496.600000000004,-3.637978807091713e-12
4045.5,4337.261627906977,-291.7616279069771
10796.4,10796.399999999998,1.8189894035458565e-12
12495.0,12495.0,0.0
2598.0,2517.1188679245306,80.8811320754694
2849.05,2849.050000000001,-9.094947017729282e-13
2499.0,2499.0,0.0
3820.75,4337.261627906977,-516.5116279069771
1423.1,1469.1923076923076,-46.09230769230771
13497.3,13497.299999999996,3.637978807091713e-12
3320.25,3439.1160714285716,-118.86607142857156
359.1,359.1,0.0
6370.75,6171.6640625,199.0859375
1098.0,1126.9753623188406,-28.975362318840553
5996.0,5996.0,0.0
2124.15,2124.1499999999996,4.547473508864641e-13
3238.2,3238.2,0.0
8995.0,8995.0,0.0
11896.6,11519.784615384611,376.8153846153891
4498.2,4498.200000000005,-5.4569682106375694e-12
11870.25,11870.25,0.0
2196.0,2215.996875,-19.996874999999818
4498.2,4498.200000000005,-5.4569682106375694e-12
7196.0,7196.0,0.0
13296.2,13296.200000000006,-5.4569682106375694e-12
1118.4,1167.5888888888885,-49.188888888888414
2698.2,2626.025925925926,72.17407407407381
13495.5,13495.5,0.0
1078.2,1016.9901098901095,61.20989010989058
10497.0,10497.0,0.0
2338.2,2251.599999999999,86.60000000000082
5948.3,5803.513793103446,144.78620689655418
6476.4,6476.4,0.0
3507.3,3507.300000000001,-9.094947017729282e-13
5996.0,5996.0,0.0
719.1,694.1312499999998,24.968750000000227
3324.05,3324.050000000002,-1.8189894035458565e-12
1529.15,1501.4730769230773,27.676923076922776
2695.5,2791.172727272727,-95.67272727272712
6998.0,6998.0,0.0
1104.15,1129.469491525423,-25.319491525423018
3117.6,3237.024193548388,-119.4241935483883
7497.0,7497.0,0.0
2848.1,2898.0666666666684,-49.966666666668516
2998.0,2898.0666666666684,99.93333333333157
629.1,615.0170588235292,14.082941176470854
1328.1,1328.0999999999995,4.547473508864641e-13
4998.0,4998.0,0.0
12745.75,12454.180555555555,291.56944444444525
8995.0,8995.0,0.0
5696.2,5696.199999999999,9.094947017729282e-13
14870.75,14632.181818181818,238.56818181818198
3597.6,3735.411290322582,-137.81129032258195
4248.3,4164.999999999997,83.30000000000291
1482.3,1585.157142857144,-102.85714285714403
999.0,982.35,16.649999999999977
2499.0,2499.0,0.0
7122.15,7122.150000000006,-6.366462912410498e-12
6372.45,6170.031000000004,202.41899999999623
3196.0,2923.274666666666,272.7253333333342
7996.8,7996.800000000002,-1.8189894035458565e-12
7497.0,7497.0,0.0
2156.4,2215.996875,-59.59687499999973
2598.0,2517.1188679245306,80.8811320754694
1438.2,1412.4857142857143,25.71428571428578
2396.0,2215.996875,180.00312500000018
3702.15,3702.1499999999974,2.7284841053187847e-12
7495.0,7495.0,0.0
11870.25,11870.25,0.0
3145.5,3073.4115853658536,72.08841463414637
509.15,491.13653846153886,18.013461538461115
4936.2,4936.200000000003,-2.7284841053187847e-12
1795.5,1751.859375,43.640625
6836.2,6836.200000000004,-4.547473508864641e-12
3149.1,3149.100000000002,-2.2737367544323206e-12
2397.0,2331.6272727272717,65.3727272727283
6747.3,6747.299999999993,7.275957614183426e-12
2374.05,2374.05,0.0
4998.0,4998.0,0.0
3995.0,3707.4810606060605,287.5189393939395
2086.2,2215.996875,-129.796875
6372.45,6170.031000000004,202.41899999999623
2848.1,2898.0666666666684,-49.966666666668516
9972.15,9972.150000000005,-5.4569682106375694e-12
2249.1,2249.100000000003,-3.183231456205249e-12
3320.25,3439.1160714285716,-118.86607142857156
6298.2,6298.200000000003,-2.7284841053187847e-12
3998.4,4164.999999999997,-166.59999999999718
2845.25,2791.172727272727,54.077272727272884
1619.1,1619.0999999999992,6.821210263296962e-13
1299.0,1262.7983606557389,36.20163934426114
549.0,527.0400000000001,21.959999999999923
9996.0,9996.0,0.0
6298.2,6298.200000000003,-2.7284841053187847e-12
1299.0,1262.7983606557389,36.20163934426114
1887.3,1917.3000000000015,-30.00000000000159
3320.25,3439.1160714285716,-118.86607142857156
14870.75,14632.181818181818,238.56818181818198
1992.15,2044.5749999999982,-52.424999999998136
1992.15,2044.5749999999982,-52.424999999998136
3495.0,3439.1160714285716,55.88392857142844
3495.0,3439.1160714285716,55.88392857142844
3702.15,3702.1499999999974,2.7284841053187847e-12
1138.1,1126.9753623188406,11.124637681159356
3036.2,2923.274666666666,112.92533333333404
5696.2,5696.199999999999,9.094947017729282e-13
1423.1,1469.1923076923076,-46.09230769230771
4748.1,4748.100000000004,-3.637978807091713e-12
758.1,786.6000000000001,-28.500000000000114
7996.8,7996.800000000002,-1.8189894035458565e-12
2236.8,2584.3358208955246,-347.53582089552447
2249.1,2249.100000000003,-3.183231456205249e-12
799.0,757.5351063829785,41.46489361702152
6648.1,6648.1,0.0
1797.0,1748.1342105263152,48.8657894736848
2097.0,2044.5749999999982,52.42500000000177
3238.2,3238.2,0.0
3595.5,3707.4810606060605,-111.98106060606051
3238.2,3238.2,0.0
11870.25,11870.25,0.0
10620.75,10620.75,0.0
3557.75,3439.1160714285716,118.63392857142844
2562.15,2737.658823529412,-175.50882352941198
22495.5,22495.5,0.0
6495.0,6495.0,0.0
798.0,786.6000000000001,11.399999999999864
2276.2,2215.996875,60.203125
7196.0,7196.0,0.0
2499.0,2499.0,0.0
2156.4,2215.996875,-59.59687499999973
3702.15,3702.1499999999974,2.7284841053187847e-12
5996.0,6171.6640625,-175.6640625
4748.1,4748.100000000004,-3.637978807091713e-12
1992.15,2044.5749999999982,-52.424999999998136
2338.2,2251.599999999999,86.60000000000082
4798.4,4926.9285714285725,-128.52857142857283
5196.0,5384.564516129032,-188.5645161290322
1499.0,1461.5250000000015,37.474999999998545
1999.2,1999.2,0.0
4272.15,4272.149999999998,1.8189894035458565e-12
9447.3,9447.299999999992,7.275957614183426e-12
11996.0,12454.180555555555,-458.18055555555475
11245.5,11245.5,0.0
1078.2,1016.9901098901095,61.20989010989058
1043.1,1126.9753623188406,-83.87536231884064
2338.2,2251.599999999999,86.60000000000082
19996.0,19996.0,0.0
4047.3,4047.300000000002,-1.8189894035458565e-12
9447.3,9447.299999999992,7.275957614183426e-12
1498.0,1469.1923076923076,28.807692307692378
3149.1,3149.100000000002,-2.2737367544323206e-12
13495.5,13495.5,0.0
4999.0,4999.0,0.0
2156.4,2215.996875,-59.59687499999973
1527.45,1455.4781249999996,71.97187500000041
4498.2,4498.200000000005,-5.4569682106375694e-12
3149.1,3149.100000000002,-2.2737367544323206e-12
5698.1,5698.100000000002,-1.8189894035458565e-12
2249.1,2249.100000000003,-3.183231456205249e-12
8095.5,8095.5,0.0
2468.1,2517.1188679245306,-49.018867924530696
4936.2,4936.200000000003,-2.7284841053187847e-12
5598.4,5803.513793103446,-205.11379310344637
1234.05,1262.7983606557389,-28.748360655738907
12596.4,12596.400000000009,-9.094947017729282e-12
539.1,529.6645161290318,9.435483870968255
3507.3,3507.300000000001,-9.094947017729282e-13
2716.6,2923.274666666666,-206.67466666666587
6298.2,6298.200000000003,-2.7284841053187847e-12
2022.3,1917.3000000000015,104.99999999999841
4248.3,4164.999999999997,83.30000000000291
8545.25,8545.25,0.0
1887.3,1917.3000000000015,-30.00000000000159
10796.4,10796.399999999998,1.8189894035458565e-12
1518.1,1561.379166666666,-43.279166666666015
6998.0,6998.0,0.0
3507.3,3507.300000000001,-9.094947017729282e-13
1328.1,1328.0999999999995,4.547473508864641e-13
9447.3,9447.299999999992,7.275957614183426e-12
549.0,527.0400000000001,21.959999999999923
2974.15,2974.150000000001,-9.094947017729282e-13
2037.45,2079.55945945946,-42.10945945945991
899.1,870.5571428571429,28.542857142857088
1619.1,1619.0999999999992,6.821210263296962e-13
9447.3,9447.299999999992,7.275957614183426e-12
2470.5,2791.172727272727,-320.6727272727271
539.1,529.6645161290318,9.435483870968255
5196.0,5196.0,0.0
8922.45,8725.631250000002,196.81874999999854
11245.5,11245.5,0.0
2468.1,2517.1188679245306,-49.018867924530696
4272.15,4272.149999999998,1.8189894035458565e-12
9998.0,9998.0,0.0
2157.3,2079.55945945946,77.74054054054022
1138.1,1126.9753623188406,11.124637681159356
3238.2,3238.2,0.0
8095.5,8095.5,0.0
509.15,491.13653846153886,18.013461538461115
4748.1,4748.100000000004,-3.637978807091713e-12
4936.2,4936.200000000003,-2.7284841053187847e-12
1619.1,1619.0999999999992,6.821210263296962e-13
11396.2,11396.2,0.0
1618.2,1543.2833333333335,74.91666666666652
2698.2,2626.025925925926,72.17407407407381
11245.5,11245.5,0.0
5397.0,5397.0,0.0
1358.3,1308.8678571428575,49.43214285714248
11870.25,11870.25,0.0
14870.75,14632.181818181818,238.56818181818198
1039.2,1129.469491525423,-90.26949152542306
6747.3,6747.299999999993,7.275957614183426e-12
3507.3,3507.300000000001,-9.094947017729282e-13
3149.1,3149.100000000002,-2.2737367544323206e-12
19996.0,19996.0,0.0
718.2,690.576923076923,27.623076923077065
11396.2,11396.2,0.0
3395.75,3707.4810606060605,-311.7310606060605
9996.0,9996.0,0.0
5396.4,5396.399999999998,1.8189894035458565e-12
6747.3,6747.299999999993,7.275957614183426e-12
13296.2,13296.200000000006,-5.4569682106375694e-12
1707.15,1748.1342105263152,-40.98421052631511
1799.0,1799.0,0.0
11245.5,11245.5,0.0
2998.0,2898.0666666666684,99.93333333333157
1439.2,1501.4730769230773,-62.27307692307727
5396.4,5396.399999999998,1.8189894035458565e-12
798.0,786.6000000000001,11.399999999999864
8545.25,8545.25,0.0
1619.1,1619.0999999999992,6.821210263296962e-13
3418.1,3418.1000000000017,-1.8189894035458565e-12
5196.0,5196.0,0.0
6116.6,6116.600000000001,-9.094947017729282e-13
24995.0,24995.0,0.0
2499.0,2499.0,0.0
1998.0,1923.0749999999996,74.92500000000041
1274.15,1293.7797619047615,-19.62976190476138
11870.25,11870.25,0.0
2876.4,2923.274666666666,-46.87466666666569
718.2,690.576923076923,27.623076923077065
6745.5,6745.5,0.0
3145.5,3073.4115853658536,72.08841463414637
1797.0,1748.1342105263152,48.8657894736848
4998.0,4998.0,0.0
5696.2,5696.199999999999,9.094947017729282e-13
5845.5,5845.5,0.0
13296.2,13296.200000000006,-5.4569682106375694e-12
4498.2,4498.200000000005,-5.4569682106375694e-12
3238.2,3238.2,0.0
11245.5,11245.5,0.0
3595.5,3707.4810606060605,-111.98106060606051
7497.0,7497.0,0.0
9996.0,9996.0,0.0
539.1,529.6645161290318,9.435483870968255
1349.1,1293.7797619047615,55.32023809523844
3145.5,3073.4115853658536,72.08841463414637
11996.0,11996.0,0.0
9996.0,9996.0,0.0
569.05,583.4259999999998,-14.375999999999863
4748.1,4748.100000000004,-3.637978807091713e-12
9972.15,9972.150000000005,-5.4569682106375694e-12
3149.1,3149.100000000002,-2.2737367544323206e-12
2796.0,3073.4115853658536,-277.4115853658536
1482.3,1585.157142857144,-102.85714285714403
3320.25,3439.1160714285716,-118.86607142857156
2545.75,2408.622549019608,137.12745098039204
11996.0,11996.0,0.0
1169.1,1129.469491525423,39.6305084745768
12495.0,12495.0,0.0
678.3,690.576923076923,-12.276923076923026
1887.3,1917.3000000000015,-30.00000000000159
9996.0,9996.0,0.0
2196.0,2215.996875,-19.996874999999818
5127.15,5127.149999999996,3.637978807091713e-12
758.1,786.6000000000001,-28.500000000000114
2796.0,2584.3358208955246,211.66417910447535
3998.4,4164.999999999997,-166.59999999999718
6747.3,6747.299999999993,7.275957614183426e-12
2876.4,2923.274666666666,-46.87466666666569
8545.25,8545.25,0.0
8496.6,8496.600000000004,-3.637978807091713e-12
2516.4,2584.3358208955246,-67.93582089552456
1169.1,1129.469491525423,39.6305084745768
4998.0,4998.0,0.0
5398.2,5398.199999999998,1.8189894035458565e-12
6998.0,6998.0,0.0
12495.0,12495.0,0.0
1518.1,1561.379166666666,-43.279166666666015
1349.1,1293.7797619047615,55.32023809523844
11870.25,11870.25,0.0
2124.15,2124.1499999999996,4.547473508864641e-13
9996.0,9996.0,0.0
23745.25,23745.25,0.0
8496.6,8496.600000000004,-3.637978807091713e-12
5096.6,4940.182608695654,156.41739130434598
3702.15,3702.1499999999974,2.7284841053187847e-12
1039.2,1129.469491525423,-90.26949152542306
18996.2,18996.200000000004,-3.637978807091713e-12
3320.25,3439.1160714285716,-118.86607142857156
10196.6,9939.542857142858,257.057142857142
4676.4,4676.399999999997,2.7284841053187847e-12
5996.0,6171.6640625,-175.6640625
23745.25,23745.25,0.0
2037.45,2079.55945945946,-42.10945945945991
8496.6,8496.600000000004,-3.637978807091713e-12
6745.5,6745.5,0.0
933.3,1016.9901098901095,-83.69010989010951
3036.2,2923.274666666666,112.92533333333404
6648.1,6648.1,0.0
4498.2,4498.200000000005,-5.4569682106375694e-12
1199.2,1293.7797619047615,-94.57976190476143
8996.4,8996.400000000009,-9.094947017729282e-12
3507.3,3507.300000000001,-9.094947017729282e-13
958.4,1016.9901098901095,-58.59010989010949
1596.0,1536.1500000000003,59.84999999999968
5396.4,5396.399999999998,1.8189894035458565e-12
1138.1,1126.9753623188406,11.124637681159356
4498.2,4498.200000000005,-5.4569682106375694e-12
9447.3,9447.299999999992,7.275957614183426e-12
4249.15,4249.150000000001,-9.094947017729282e-13
1078.2,1016.9901098901095,61.20989010989058
11245.5,11245.5,0.0
2998.0,2898.0666666666684,99.93333333333157
2338.2,2251.599999999999,86.60000000000082
3320.25,3439.1160714285716,-118.86607142857156
599.2,615.0170588235292,-15.817058823529123
1234.05,1262.7983606557389,-28.748360655738907
2848.1,2898.0666666666684,-49.966666666668516
1349.1,1293.7797619047615,55.32023809523844
1529.15,1501.4730769230773,27.676923076922776
2036.6,1939.3210526315797,97.27894736842018
9996.0,9996.0,0.0
4748.1,4748.100000000004,-3.637978807091713e-12
3507.3,3507.300000000001,-9.094947017729282e-13
1274.15,1293.7797619047615,-19.62976190476138
6648.1,6648.1,0.0
3897.0,3897.0,0.0
6747.3,6747.299999999993,7.275957614183426e-12
2845.25,2791.172727272727,54.077272727272884
4498.2,4498.200000000005,-5.4569682106375694e-12
1169.1,1129.469491525423,39.6305084745768
1258.2,1258.2000000000003,-2.2737367544323206e-13
3183.25,3073.4115853658536,109.83841463414637
4749.05,4749.050000000001,-9.094947017729282e-13
6648.1,6648.1,0.0
7497.0,7497.0,0.0
1529.15,1501.4730769230773,27.676923076922776
1188.3,1167.5888888888885,20.71111111111145
1756.8,1939.3210526315797,-182.52105263157978
3320.25,3439.1160714285716,-118.86607142857156
1916.8,1939.3210526315797,-22.521052631579778
6745.5,6745.5,0.0
3598.0,3598.0,0.0
4272.15,4272.149999999998,1.8189894035458565e-12
2845.25,2791.172727272727,54.077272727272884
2249.1,2249.100000000003,-3.183231456205249e-12
8545.25,8545.25,0.0
19996.0,19996.0,0.0
1695.75,1751.859375,-56.109375
19996.0,19996.0,0.0
12596.4,12596.400000000009,-9.094947017729282e-12
2468.1,2517.1188679245306,-49.018867924530696
1619.1,1619.0999999999992,6.821210263296962e-13
7495.0,7495.0,0.0
2078.4,2251.599999999999,-173.1999999999989
5396.4,5396.399999999998,1.8189894035458565e-12
1199.2,1293.7797619047615,-94.57976190476143
2995.0,2791.172727272727,203.82727272727288
1499.0,1461.5250000000015,37.474999999998545
1198.0,1126.9753623188406,71.02463768115945
599.0,583.4259999999998,15.574000000000183
12747.45,12247.550000000001,499.89999999999964
4936.2,4936.200000000003,-2.7284841053187847e-12
2156.4,2215.996875,-59.59687499999973
14245.25,14245.25,0.0
11996.0,11996.0,0.0
1169.1,1129.469491525423,39.6305084745768
1618.2,1543.2833333333335,74.91666666666652
4676.4,4676.399999999997,2.7284841053187847e-12
9972.15,9972.150000000005,-5.4569682106375694e-12
2799.2,2799.1999999999994,4.547473508864641e-13
1647.0,1598.558823529412,48.44117647058806
3149.1,3149.100000000002,-2.2737367544323206e-12
639.2,694.1312499999998,-54.93124999999975
899.1,870.5571428571429,28.542857142857088
2156.4,2215.996875,-59.59687499999973
3507.3,3507.300000000001,-9.094947017729282e-13
2396.0,2215.996875,180.00312500000018
8097.3,8097.299999999999,9.094947017729282e-13
3183.25,3073.4115853658536,109.83841463414637
2249.1,2249.100000000003,-3.183231456205249e-12
664.05,680.8777777777776,-16.82777777777767
1707.15,1748.1342105263152,-40.98421052631511
699.0,680.8777777777776,18.122222222222376
8922.45,8725.631250000002,196.81874999999854
799.0,757.5351063829785,41.46489361702152
2036.6,1939.3210526315797,97.27894736842018
2249.1,2249.100000000003,-3.183231456205249e-12
3507.3,3507.300000000001,-9.094947017729282e-13
1198.4,1308.8678571428575,-110.46785714285738
2848.1,2898.0666666666684,-49.966666666668516
14997.0,14997.0,0.0
2849.05,2849.050000000001,-9.094947017729282e-13
679.15,694.1312499999998,-14.981249999999818
2249.1,2249.100000000003,-3.183231456205249e-12
5845.5,5845.5,0.0
1017.45,977.5500000000002,39.899999999999864
1527.45,1455.4781249999996,71.97187500000041
1619.1,1619.0999999999992,6.821210263296962e-13
9996.0,9996.0,0.0
1619.1,1619.0999999999992,6.821210263296962e-13
4676.4,4676.399999999997,2.7284841053187847e-12
2995.0,2791.172727272727,203.82727272727288
2374.05,2374.0500000000015,-1.3642420526593924e-12
4156.8,4295.3600000000015,-138.5600000000013
664.05,680.8777777777776,-16.82777777777767
3320.25,3439.1160714285716,-118.86607142857156
11245.5,11245.5,0.0
2156.4,2215.996875,-59.59687499999973
10497.0,10497.0,0.0
5397.0,5397.0,0.0
4272.15,4272.149999999998,1.8189894035458565e-12
1234.05,1262.7983606557389,-28.748360655738907
949.05,982.35,-33.30000000000007
1398.0,1398.0,0.0
1258.2,1258.2000000000003,-2.2737367544323206e-13
4047.3,4047.300000000002,-1.8189894035458565e-12
10196.6,9939.542857142858,257.057142857142
1619.1,1619.0999999999992,6.821210263296962e-13
13296.2,13296.200000000006,-5.4569682106375694e-12
1137.15,1137.1499999999999,2.2737367544323206e-13
3897.0,3897.0,0.0
699.0,680.8777777777776,18.122222222222376
8496.6,8496.600000000004,-3.637978807091713e-12
14247.15,14247.149999999996,3.637978807091713e-12
3507.3,3507.300000000001,-9.094947017729282e-13
1529.15,1501.4730769230773,27.676923076922776
2974.15,2974.150000000001,-9.094947017729282e-13
6476.4,6476.4,0.0
3418.1,3418.1000000000017,-1.8189894035458565e-12
8545.25,8545.25,0.0
15745.5,15745.5,0.0
5520.75,5384.564516129032,136.1854838709678
809.1,775.9789473684211,33.12105263157889
3058.3,2999.9540540540547,58.34594594594546
1709.05,1709.050000000001,-1.1368683772161603e-12
629.1,615.0170588235292,14.082941176470854
1438.2,1412.4857142857143,25.71428571428578
539.1,529.6645161290318,9.435483870968255
2249.1,2249.100000000003,-3.183231456205249e-12
2396.0,2408.622549019608,-12.622549019607959
5396.4,5396.399999999998,1.8189894035458565e-12
1188.3,1167.5888888888885,20.71111111111145
8496.6,8496.600000000004,-3.637978807091713e-12
5127.15,5127.149999999996,3.637978807091713e-12
2970.75,3073.4115853658536,-102.66158536585363
9496.2,9496.200000000004,-3.637978807091713e-12
3418.1,3418.1000000000017,-1.8189894035458565e-12
1398.0,1398.0,0.0
2516.4,2584.3358208955246,-67.93582089552456
3822.45,3735.411290322582,87.03870967741796
11996.0,11996.0,0.0
639.2,694.1312499999998,-54.93124999999975
1782.45,1746.266666666666,36.183333333334076
7122.15,7122.150000000006,-6.366462912410498e-12
4857.3,4857.300000000001,-9.094947017729282e-13
2876.4,2923.274666666666,-46.87466666666569
11870.25,11870.25,0.0
759.05,757.5351063829785,1.514893617021471
8496.6,8496.600000000004,-3.637978807091713e-12
2276.2,2215.996875,60.203125
2134.65,2194.57,-59.92000000000007
2995.0,2791.172727272727,203.82727272727288
2037.45,2079.55945945946,-42.10945945945991
5997.6,6170.031000000004,-172.43100000000322
4416.6,4295.3600000000015,121.23999999999887
10497.0,10497.0,0.0
5196.0,5196.0,0.0
8397.6,8725.631250000002,-328.0312500000018
1518.1,1561.379166666666,-43.279166666666015
3238.2,3238.2,0.0
8496.6,8496.600000000004,-3.637978807091713e-12
1917.6,2079.55945945946,-161.95945945946005
3795.25,3707.4810606060605,87.76893939393949
2499.0,2499.0,0.0
8498.3,8235.194736842102,263.10526315789684
1518.1,1561.379166666666,-43.279166666666015
11396.2,11396.2,0.0
4936.2,4936.200000000003,-2.7284841053187847e-12
10196.6,9939.542857142858,257.057142857142
1598.4,1720.5000000000002,-122.10000000000014
8547.15,8547.149999999998,1.8189894035458565e-12
799.0,757.5351063829785,41.46489361702152
3324.05,3324.050000000002,-1.8189894035458565e-12
8998.2,8998.2,0.0
7196.0,7196.0,0.0
6998.0,6998.0,0.0
6476.4,6476.4,0.0
3058.3,2999.9540540540547,58.34594594594546
3702.15,3702.1499999999974,2.7284841053187847e-12
13996.0,13996.0,0.0
8545.25,8545.25,0.0
466.65,491.13653846153886,-24.486538461538885
5948.3,5803.513793103446,144.78620689655418
13296.2,13296.200000000006,-5.4569682106375694e-12
3596.0,4337.261627906977,-741.2616279069771
12596.4,12596.400000000009,-9.094947017729282e-12
3145.5,3073.4115853658536,72.08841463414637
3117.6,3237.024193548388,-119.4241935483883
2398.4,2626.025925925926,-227.6259259259259
7196.0,7196.0,0.0
7645.75,7645.75,0.0
5396.4,5396.399999999998,1.8189894035458565e-12
2878.4,2999.9540540540547,-121.55405405405463
5845.5,5845.5,0.0
2338.2,2251.599999999999,86.60000000000082
1798.2,1720.5000000000002,77.69999999999982
2338.2,2251.599999999999,86.60000000000082
8996.4,8996.400000000009,-9.094947017729282e-12
1137.15,1137.1499999999999,2.2737367544323206e-13
958.4,1016.9901098901095,-58.59010989010949
958.4,1016.9901098901095,-58.59010989010949
7122.15,7122.150000000006,-6.366462912410498e-12
629.1,615.0170588235292,14.082941176470854
2374.05,2374.0500000000015,-1.3642420526593924e-12
1617.3,1585.157142857144,32.14285714285597
5845.5,5845.5,0.0
2468.1,2517.1188679245306,-49.018867924530696
21245.75,21245.75,0.0
4796.8,4940.182608695654,-143.3826086956542
4857.3,4857.3,0.0
5196.0,5384.564516129032,-188.5645161290322
8996.4,8996.400000000009,-9.094947017729282e-12
8995.0,8995.0,0.0
6836.2,6836.200000000004,-4.547473508864641e-12
2796.0,2584.3358208955246,211.66417910447535
2249.1,2249.100000000003,-3.183231456205249e-12
2249.1,2249.100000000003,-3.183231456205249e-12
4857.3,4857.3,0.0
509.15,491.13653846153886,18.013461538461115
5598.4,5803.513793103446,-205.11379310344637
6495.0,6495.0,0.0
10196.6,9939.542857142858,257.057142857142
599.0,583.4259999999998,15.574000000000183
1998.0,1923.0749999999996,74.92500000000041
1197.0,1197.0,0.0
3822.45,3735.411290322582,87.03870967741796
9496.2,9496.200000000006,-5.4569682106375694e-12
5696.2,5696.199999999999,9.094947017729282e-13
11896.6,11519.784615384611,376.8153846153891
12495.0,12495.0,0.0
4748.1,4748.100000000004,-3.637978807091713e-12
4156.8,4295.3600000000015,-138.5600000000013
1782.45,1746.266666666666,36.183333333334076
1564.65,1598.558823529412,-33.90882352941185
3196.0,2923.274666666666,272.7253333333342
559.2,615.0170588235292,-55.81705882352912
12495.0,12495.0,0.0
2468.1,2517.1188679245306,-49.018867924530696
2157.3,2079.55945945946,77.74054054054022
8996.4,8996.400000000009,-9.094947017729282e-12
2845.25,2791.172727272727,54.077272727272884
6998.0,6998.0,0.0
2396.0,2215.996875,180.00312500000018
1199.2,1293.7797619047615,-94.57976190476143
2374.05,2374.0500000000015,-1.3642420526593924e-12
4245.75,4337.261627906977,-91.51162790697708
6998.0,6998.0,0.0
1299.0,1262.7983606557389,36.20163934426114
1138.1,1126.9753623188406,11.124637681159356
3897.0,3897.0,0.0
4749.05,4749.050000000001,-9.094947017729282e-13
10497.0,10497.0,0.0
6476.4,6476.4,0.0
9996.0,9996.0,0.0
2399.2,2399.2,0.0
2845.25,2791.172727272727,54.077272727272884
718.2,690.576923076923,27.623076923077065
3796.2,3718.599999999999,77.60000000000082
1299.0,1262.7983606557389,36.20163934426114
4748.1,4748.100000000004,-3.637978807091713e-12
2847.15,2737.658823529412,109.49117647058802
759.05,757.5351063829785,1.514893617021471
11245.5,11245.5,0.0
7647.45,7506.871875000001,140.5781249999991
5996.0,5996.0,0.0
3416.2,3718.599999999999,-302.3999999999992
2374.05,2374.0500000000015,-1.3642420526593924e-12
1917.6,2079.55945945946,-161.95945945946005
399.0,399.0,0.0
2995.0,2791.172727272727,203.82727272727288
5845.5,5845.5,0.0
1138.1,1126.9753623188406,11.124637681159356
2374.05,2374.0500000000015,-1.3642420526593924e-12
22495.5,22495.5,0.0
2995.0,2791.172727272727,203.82727272727288
799.0,757.5351063829785,41.46489361702152
539.1,529.6645161290318,9.435483870968255
3196.0,2923.274666666666,272.7253333333342
4999.0,4999.0,0.0
3145.5,3073.4115853658536,72.08841463414637
7497.0,7497.0,0.0
2396.0,2408.622549019608,-12.622549019607959
8996.4,8996.400000000009,-9.094947017729282e-12
17996.4,17996.399999999998,3.637978807091713e-12
4248.3,4164.999999999997,83.30000000000291
3145.5,3073.4115853658536,72.08841463414637
1169.1,1129.469491525423,39.6305084745768
2699.1,2699.099999999999,9.094947017729282e-13
4748.1,4748.100000000004,-3.637978807091713e-12
6747.3,6747.299999999993,7.275957614183426e-12
1782.45,1746.266666666666,36.183333333334076
4498.2,4498.200000000005,-5.4569682106375694e-12
4045.5,4337.261627906977,-291.7616279069771
4047.3,4047.300000000002,-1.8189894035458565e-12
1234.05,1262.7983606557389,-28.748360655738907
17996.4,17996.399999999998,3.637978807091713e-12
2249.1,2249.100000000003,-3.183231456205249e-12
1078.2,1016.9901098901095,61.20989010989058
494.1,529.6645161290318,-35.564516129031745
9996.0,9996.0,0.0
1976.4,2215.996875,-239.59687499999973
1617.3,1585.157142857144,32.14285714285597
5698.1,5698.100000000002,-1.8189894035458565e-12
11870.25,11870.25,0.0
1439.2,1501.4730769230773,-62.27307692307727
13296.2,13296.200000000006,-5.4569682106375694e-12
2196.0,2215.996875,-19.996874999999818
14997.0,14997.0,0.0
11870.25,11870.25,0.0
1077.3,1077.2999999999997,2.2737367544323206e-13
2470.5,2791.172727272727,-320.6727272727271
2470.5,2791.172727272727,-320.6727272727271
2097.0,2044.5749999999982,52.42500000000177
6476.4,6476.4,0.0
4676.4,4676.399999999997,2.7284841053187847e-12
6648.1,6648.1,0.0
8095.5,8095.5,0.0
12596.4,12596.400000000009,-9.094947017729282e-12
1887.3,1917.3000000000015,-30.00000000000159
1619.1,1619.0999999999992,6.821210263296962e-13
5996.0,6171.6640625,-175.6640625
1708.1,1771.0300000000002,-62.93000000000029
1398.0,1398.0,0.0
6495.0,6495.0,0.0
2468.1,2517.1188679245306,-49.018867924530696
4998.0,4998.0,0.0
2998.0,2898.0666666666684,99.93333333333157
3312.45,3237.024193548388,75.4258064516116
4272.15,4272.149999999998,1.8189894035458565e-12
1529.15,1501.4730769230773,27.676923076922776
1349.1,1293.7797619047615,55.32023809523844
5127.15,5127.149999999996,3.637978807091713e-12
3149.1,3149.100000000002,-2.2737367544323206e-12
2974.15,2974.150000000001,-9.094947017729282e-13
5998.0,5998.0,0.0
594.15,615.0170588235292,-20.86705882352919
3499.0,3499.0,0.0
3702.15,3702.1499999999974,2.7284841053187847e-12
899.1,870.5571428571429,28.542857142857088
2156.4,2215.996875,-59.59687499999973
8545.25,8545.25,0.0
8998.2,8998.2,0.0
6476.4,6476.4,0.0
23745.25,23745.25,0.0
2699.1,2699.099999999999,9.094947017729282e-13
6495.0,6495.0,0.0
1992.15,2044.5749999999982,-52.424999999998136
9996.0,9996.0,0.0
3598.0,3598.0,0.0
2745.0,2791.172727272727,-46.172727272727116
1799.0,1799.0,0.0
1137.15,1137.1499999999999,2.2737367544323206e-13
6836.2,6836.200000000004,-4.547473508864641e-12
2556.8,2923.274666666666,-366.4746666666656
5520.75,5384.564516129032,136.1854838709678
6747.3,6747.299999999993,7.275957614183426e-12
7122.15,7122.150000000006,-6.366462912410498e-12
2745.0,2791.172727272727,-46.172727272727116
678.3,690.576923076923,-12.276923076923026
11870.25,11870.25,0.0
10497.0,10497.0,0.0
13296.2,13296.200000000006,-5.4569682106375694e-12
1887.3,1917.3000000000015,-30.00000000000159
1299.0,1262.7983606557389,36.20163934426114
1317.6,1455.4781249999996,-137.87812499999973
1273.3,1308.8678571428575,-35.56785714285752
6370.75,6171.6640625,199.0859375
1274.15,1293.7797619047615,-19.62976190476138
1078.2,1016.9901098901095,61.20989010989058
10497.0,10497.0,0.0
3236.4,3316.5470588235294,-80.14705882352928
19996.0,19996.0,0.0
2598.0,2517.1188679245306,80.8811320754694
4416.6,4295.3600000000015,121.23999999999887
1439.2,1501.4730769230773,-62.27307692307727
5996.0,6171.6640625,-175.6640625
2970.75,3073.4115853658536,-102.66158536585363
2697.3,2413.945,283.355
4587.45,4587.449999999999,9.094947017729282e-13
23745.25,23745.25,0.0
5396.4,5396.399999999998,1.8189894035458565e-12
2374.05,2374.0500000000015,-1.3642420526593924e-12
4998.0,4998.0,0.0
2846.2,2584.3358208955246,261.86417910447517
5127.15,5127.149999999996,3.637978807091713e-12
4936.2,4936.200000000003,-2.7284841053187847e-12
1707.15,1748.1342105263152,-40.98421052631511
23745.25,23745.25,0.0
2338.2,2251.599999999999,86.60000000000082
3149.1,3149.100000000002,-2.2737367544323206e-12
1619.1,1619.0999999999992,6.821210263296962e-13
1698.3,1720.5000000000002,-22.200000000000273
2499.0,2499.0,0.0
2374.05,2374.0500000000015,-1.3642420526593924e-12
2876.4,2923.274666666666,-46.87466666666569
1188.3,1167.5888888888885,20.71111111111145
1799.0,1799.0,0.0
4498.2,4498.200000000005,-5.4569682106375694e-12
1799.0,1799.0,0.0
4745.25,4337.261627906977,407.9883720930229
4272.15,4272.149999999998,1.8189894035458565e-12
6998.0,6998.0,0.0
2848.1,2898.0666666666684,-49.966666666668516
4748.1,4748.100000000004,-3.637978807091713e-12
4498.2,4498.200000000005,-5.4569682106375694e-12
8995.0,8995.0,0.0
6476.4,6476.4,0.0
4416.6,4295.3600000000015,121.23999999999887
699.0,680.8777777777776,18.122222222222376
1895.25,1935.15,-39.90000000000009
12745.75,12454.180555555555,291.56944444444525
8496.6,8496.600000000004,-3.637978807091713e-12
1617.3,1585.157142857144,32.14285714285597
2236.8,2584.3358208955246,-347.53582089552447
4248.3,4164.999999999997,83.30000000000291
2333.25,2408.622549019608,-75.37254901960796
988.2,1016.9901098901095,-28.79010989010942
16620.25,16620.25,0.0
1436.4,1392.0666666666668,44.33333333333326
2516.4,2584.3358208955246,-67.93582089552456
664.05,680.8777777777776,-16.82777777777767
2037.45,2079.55945945946,-42.10945945945991
6747.3,6747.299999999993,7.275957614183426e-12
17996.4,17996.399999999998,3.637978807091713e-12
9596.8,9939.542857142858,-342.74285714285907
1234.05,1262.7983606557389,-28.748360655738907
3149.1,3149.100000000002,-2.2737367544323206e-12
718.2,690.576923076923,27.623076923077065
19996.0,19996.0,0.0
2796.0,2584.3358208955246,211.66417910447535
8496.6,8496.600000000004,-3.637978807091713e-12
1707.15,1748.1342105263152,-40.98421052631511
2398.4,2626.025925925926,-227.6259259259259
2376.6,2584.3358208955246,-207.73582089552474
4272.15,4272.149999999998,1.8189894035458565e-12
3183.25,3073.4115853658536,109.83841463414637
1529.15,1501.4730769230773,27.676923076922776
1077.3,1077.2999999999997,2.2737367544323206e-13
4497.0,4497.0,0.0
3702.15,3702.1499999999974,2.7284841053187847e-12
7196.0,7196.0,0.0
569.05,583.4259999999998,-14.375999999999863
4748.1,4748.100000000004,-3.637978807091713e-12
6476.4,6476.4,0.0
2249.1,2249.100000000003,-3.183231456205249e-12
1999.2,1999.2,0.0
399.0,399.0,0.0
2374.05,2374.0500000000015,-1.3642420526593924e-12
5520.75,5384.564516129032,136.1854838709678
1516.2,1536.1500000000003,-19.950000000000273
8995.0,8995.0,0.0
6476.4,6476.4,0.0
1328.1,1328.0999999999995,4.547473508864641e-13
2249.1,2249.100000000003,-3.183231456205249e-12
3418.1,3418.1000000000017,-1.8189894035458565e-12
4272.15,4272.149999999998,1.8189894035458565e-12
4416.6,4295.3600000000015,121.23999999999887
1349.1,1293.7797619047615,55.32023809523844
1098.0,1126.9753623188406,-28.975362318840553
559.2,615.0170588235292,-55.81705882352912
2796.0,2584.3358208955246,211.66417910447535
1976.4,2215.996875,-239.59687499999973
3598.0,3598.0,0.0
13996.0,14632.181818181818,-636.181818181818
2878.4,2999.9540540540547,-121.55405405405463
759.05,757.5351063829785,1.514893617021471
9447.3,9447.299999999992,7.275957614183426e-12
9498.1,9498.100000000002,-1.8189894035458565e-12
599.0,583.4259999999998,15.574000000000183
6998.0,6998.0,0.0
3507.3,3507.300000000001,-9.094947017729282e-13
2374.05,2374.05,0.0
664.05,680.8777777777776,-16.82777777777767
809.1,775.9789473684211,33.12105263157889
3495.0,3439.1160714285716,55.88392857142844
2697.0,2737.658823529412,-40.658823529412075
2399.2,2399.2,0.0
10796.4,10796.399999999998,1.8189894035458565e-12
4498.2,4498.200000000005,-5.4569682106375694e-12
1617.3,1585.157142857144,32.14285714285597
1498.0,1469.1923076923076,28.807692307692378
1617.3,1585.157142857144,32.14285714285597
2097.0,2044.5749999999982,52.42500000000177
2157.3,2079.55945945946,77.74054054054022
17495.0,17495.0,0.0
8097.3,8097.299999999999,9.094947017729282e-13
629.1,615.0170588235292,14.082941176470854
2338.2,2251.599999999999,86.60000000000082
2156.4,2215.996875,-59.59687499999973
2156.4,2215.996875,-59.59687499999973
13996.0,13996.0,0.0
4748.1,4748.100000000004,-3.637978807091713e-12
2396.0,2408.622549019608,-12.622549019607959
2698.2,2626.025925925926,72.17407407407381
2276.2,2215.996875,60.203125
4047.3,4047.300000000002,-1.8189894035458565e-12
2157.3,2079.55945945946,77.74054054054022
9496.2,9496.200000000006,-5.4569682106375694e-12
6370.75,6171.6640625,199.0859375
4248.3,4164.999999999997,83.30000000000291
2374.05,2374.0500000000015,-1.3642420526593924e-12
4047.3,4047.300000000002,-1.8189894035458565e-12
5520.75,5384.564516129032,136.1854838709678
1258.2,1258.2000000000003,-2.2737367544323206e-13
5096.6,4940.182608695654,156.41739130434598
1709.05,1709.050000000001,-1.1368683772161603e-12
3795.25,3707.4810606060605,87.76893939393949
664.05,680.8777777777776,-16.82777777777767
1527.45,1455.4781249999996,71.97187500000041
1299.0,1262.7983606557389,36.20163934426114
2516.4,2584.3358208955246,-67.93582089552456
2277.15,2331.6272727272717,-54.47727272727161
1438.2,1412.4857142857143,25.71428571428578
9996.0,9996.0,0.0
539.1,529.6645161290318,9.435483870968255
3598.0,3598.0,0.0
7645.75,7645.75,0.0
7196.0,7196.0,0.0
9996.0,9996.0,0.0
